fluid,year,T_HS_in_K,net_output_kW,eta_ex_percent,Ed_total_W,ratio_Ede_percent,ratio_Edt_percent,ratio_Edp_percent,ratio_Edmix_percent,ratio_Edc_percent,ratio_Edt_h_percent,ratio_Edt_l_percent,ratio_Edp_1_percent,ratio_Edp_2_percent,ratio_Ede_pre_percent,ratio_Ede_hp_percent,ratio_Ede_lp_percent,lmtd_hp_K,lmtd_lp_K,P_e_lp_kPa,P_e_hp_kPa
R1234YF,0,423.15,4187.11870518587,44.1776285678057,4698197.08856255,33.4878719721908,25.2562508845752,3.65831496189167,0.0546505296111826,37.5429116517311,0.746885087489138,24.5093657970861,3.36562452941718,0.292690432474488,16.482695263272,16.8481559031931,0.157020805725773,17.5278665995007,5.10026415425652,2892.46824485268,3043.98
R1234YF,1,423.15,4187.11870518587,44.1776285678057,4698197.08856255,33.4878719721908,25.2562508845752,3.65831496189167,0.0546505296111826,37.5429116517311,0.746885087489138,24.5093657970861,3.36562452941718,0.292690432474488,16.482695263272,16.8481559031931,0.157020805725773,17.5278665995007,5.10026415425652,2892.46824485268,3043.98
R1234YF,2,423.15,4187.11870518587,44.1776285678057,4698197.08856255,33.4878719721908,25.2562508845752,3.65831496189167,0.0546505296111826,37.5429116517311,0.746885087489138,24.5093657970861,3.36562452941718,0.292690432474488,16.482695263272,16.8481559031931,0.157020805725773,17.5278665995007,5.10026415425652,2892.46824485268,3043.98
R1234YF,3,423.15,4187.11870518587,44.1776285678057,4698197.08856255,33.4878719721908,25.2562508845752,3.65831496189167,0.0546505296111826,37.5429116517311,0.746885087489138,24.5093657970861,3.36562452941718,0.292690432474488,16.482695263272,16.8481559031931,0.157020805725773,17.5278665995007,5.10026415425652,2892.46824485268,3043.98
R1234YF,4,423.15,4187.11870518587,44.1776285678057,4698197.08856255,33.4878719721908,25.2562508845752,3.65831496189167,0.0546505296111826,37.5429116517311,0.746885087489138,24.5093657970861,3.36562452941718,0.292690432474488,16.482695263272,16.8481559031931,0.157020805725773,17.5278665995007,5.10026415425652,2892.46824485268,3043.98
R1234YF,5,423.15,4187.11870518587,44.1776285678057,4698197.08856255,33.4878719721908,25.2562508845752,3.65831496189167,0.0546505296111826,37.5429116517311,0.746885087489138,24.5093657970861,3.36562452941718,0.292690432474488,16.482695263272,16.8481559031931,0.157020805725773,17.5278665995007,5.10026415425652,2892.46824485268,3043.98
R1234YF,6,423.15,4187.11870518587,44.1776285678057,4698197.08856255,33.4878719721908,25.2562508845752,3.65831496189167,0.0546505296111826,37.5429116517311,0.746885087489138,24.5093657970861,3.36562452941718,0.292690432474488,16.482695263272,16.8481559031931,0.157020805725773,17.5278665995007,5.10026415425652,2892.46824485268,3043.98
R1234YF,7,423.15,4187.11870518587,44.1776285678057,4698197.08856255,33.4878719721908,25.2562508845752,3.65831496189167,0.0546505296111826,37.5429116517311,0.746885087489138,24.5093657970861,3.36562452941718,0.292690432474488,16.482695263272,16.8481559031931,0.157020805725773,17.5278665995007,5.10026415425652,2892.46824485268,3043.98
R1234YF,8,423.15,4187.11870518587,44.1776285678057,4698197.08856255,33.4878719721908,25.2562508845752,3.65831496189167,0.0546505296111826,37.5429116517311,0.746885087489138,24.5093657970861,3.36562452941718,0.292690432474488,16.482695263272,16.8481559031931,0.157020805725773,17.5278665995007,5.10026415425652,2892.46824485268,3043.98
R1234YF,9,423.15,4187.11870518587,44.1776285678057,4698197.08856255,33.4878719721908,25.2562508845752,3.65831496189167,0.0546505296111826,37.5429116517311,0.746885087489138,24.5093657970861,3.36562452941718,0.292690432474488,16.482695263272,16.8481559031931,0.157020805725773,17.5278665995007,5.10026415425652,2892.46824485268,3043.98
R1234YF,10,423.15,4187.11870518587,44.1776285678057,4698197.08856255,33.4878719721908,25.2562508845752,3.65831496189167,0.0546505296111826,37.5429116517311,0.746885087489138,24.5093657970861,3.36562452941718,0.292690432474488,16.482695263272,16.8481559031931,0.157020805725773,17.5278665995007,5.10026415425652,2892.46824485268,3043.98
R1234YF,11,423.15,4187.11870518587,44.1776285678057,4698197.08856255,33.4878719721908,25.2562508845752,3.65831496189167,0.0546505296111826,37.5429116517311,0.746885087489138,24.5093657970861,3.36562452941718,0.292690432474488,16.482695263272,16.8481559031931,0.157020805725773,17.5278665995007,5.10026415425652,2892.46824485268,3043.98
R1234YF,12,423.15,4187.11870518587,44.1776285678057,4698197.08856255,33.4878719721908,25.2562508845752,3.65831496189167,0.0546505296111826,37.5429116517311,0.746885087489138,24.5093657970861,3.36562452941718,0.292690432474488,16.482695263272,16.8481559031931,0.157020805725773,17.5278665995007,5.10026415425652,2892.46824485268,3043.98
R1234YF,13,423.15,4187.11870518587,44.1776285678057,4698197.08856255,33.4878719721908,25.2562508845752,3.65831496189167,0.0546505296111826,37.5429116517311,0.746885087489138,24.5093657970861,3.36562452941718,0.292690432474488,16.482695263272,16.8481559031931,0.157020805725773,17.5278665995007,5.10026415425652,2892.46824485268,3043.98
R1234YF,14,423.15,4187.11870518587,44.1776285678057,4698197.08856255,33.4878719721908,25.2562508845752,3.65831496189167,0.0546505296111826,37.5429116517311,0.746885087489138,24.5093657970861,3.36562452941718,0.292690432474488,16.482695263272,16.8481559031931,0.157020805725773,17.5278665995007,5.10026415425652,2892.46824485268,3043.98
R1234YF,15,423.15,4187.11870518587,44.1776285678057,4698197.08856255,33.4878719721908,25.2562508845752,3.65831496189167,0.0546505296111826,37.5429116517311,0.746885087489138,24.5093657970861,3.36562452941718,0.292690432474488,16.482695263272,16.8481559031931,0.157020805725773,17.5278665995007,5.10026415425652,2892.46824485268,3043.98
R1234YF,16,423.15,4187.11870518587,44.1776285678057,4698197.08856255,33.4878719721908,25.2562508845752,3.65831496189167,0.0546505296111826,37.5429116517311,0.746885087489138,24.5093657970861,3.36562452941718,0.292690432474488,16.482695263272,16.8481559031931,0.157020805725773,17.5278665995007,5.10026415425652,2892.46824485268,3043.98
R1234YF,17,423.15,4187.11870518587,44.1776285678057,4698197.08856255,33.4878719721908,25.2562508845752,3.65831496189167,0.0546505296111826,37.5429116517311,0.746885087489138,24.5093657970861,3.36562452941718,0.292690432474488,16.482695263272,16.8481559031931,0.157020805725773,17.5278665995007,5.10026415425652,2892.46824485268,3043.98
R1234YF,18,420.663681274013,4058.94972786961,44.353492643013,4493048.39823607,32.8710794344959,25.7122906752426,3.71743261390891,0.0577052164758313,37.6414920598768,0.493054513453052,25.2192361617896,3.51653039408154,0.200902219827368,16.6221998235015,16.1049503276465,0.143929283347918,17.0476418246751,5.6918357131044,2943.98,3043.98
R1234YF,19,418.327947781502,3952.9364854555,44.6707858524896,4321823.81955461,33.3010939000845,26.870539556261,4.0238407143558,0.0025571947013248,35.8019686345974,0.81665978944172,26.0538797668193,3.68305565362962,0.340785060726177,17.242793023588,16.0445311837781,0.0137696927184197,17.9386637996797,5.30802389365605,2885.10942268878,3043.98
R1234YF,20,416.14796566506,3869.6971674086,45.149852893509,4134406.30824152,31.884923808987,27.5974140351903,4.11878975818402,0.0162773575414666,36.3825950400973,0.514027077440251,27.0833869577501,3.89500769927834,0.223782058905678,16.9951688728753,14.7973457566408,0.0924091794708192,17.4614101506445,5.0,2943.98,3043.98
R1234YF,21,414.106205453755,3742.92570090385,45.021674484062,4020209.55208462,31.9807488069003,27.2392026648724,4.07250267356515,0.0542477378468233,36.6532981168153,23.265040061145,3.97416260372741,0.281792856138565,3.79070981742658,2.16338717286007,29.1832795203724,0.634082113667888,17.010236570606,5.6079062516374,935.021549254648,3043.98
R1234YF,22,412.187839467732,3655.76804973792,45.272588633667,3870123.96676437,31.0924149553743,27.6520445387371,4.15559958629588,0.0695642452229784,37.0303766743697,22.724985429297,4.92705910944008,0.357356850699045,3.79824273559683,2.48127762214292,27.9728470027934,0.63829033043801,16.6073460156739,6.87300248497682,971.81566007416,3043.98
R1234YF,23,410.38022308203,3539.69234589551,45.0749594249446,3778514.38518123,31.5934912302172,28.4202927552257,4.41110689125753,0.022079572869108,35.5530295504304,24.2003973143144,4.2198954409113,0.305194398906523,4.105912492351,2.25284262690844,28.6919796107358,0.648668992573011,17.31508251975,6.41002721761908,935.021549254648,3043.98
R1234YF,24,408.672493551039,3481.26611569138,45.5336140820397,3639773.55156838,29.9785383211284,29.1675592985779,4.51528230595393,0.016832198865286,36.3217878754745,26.2245630144841,2.9429962840938,0.20651516846089,4.30876713749304,1.60257376523182,27.7538528717793,0.622111684117321,16.8893842815372,5.67823950403512,883.509794107331,3043.98
R1234YF,25,407.055256013421,3403.65599118472,45.6790531192901,3520089.57905993,29.3514952793852,29.3874378982299,4.58172788887183,0.0159763442519607,36.6633625892611,24.5656571980298,4.82178070020018,0.352917170349819,4.22881071852201,2.27377251500013,26.4545604022619,0.623162362123176,16.482702756493,6.15538197576397,952.192134303754,3043.98
R1234YF,26,405.520335037963,3301.20037036884,45.4157170998457,3441044.46363114,28.4839575495669,30.6980985696287,5.03783818691012,3.91518772365781e-05,35.780066542017,0.787556782525196,29.9105417871035,4.63648994126585,0.401348245644271,16.7507154963269,11.7082078021543,0.0250342510857635,17.1003135549592,5.0,2894.92118557398,3043.98
R1234YF,27,404.06057606014,3253.08130586173,45.8362728502261,3322476.39367839,27.0858777473654,31.3277618234498,5.11298742664705,0.0004748726260675,36.4728981299117,0.525572246534031,30.8021895769157,4.83613179880378,0.276855627843276,16.2502805494823,10.7110276410541,0.124569556828935,16.6942677877193,5.0,2943.98,3043.98
R1234YF,28,402.669685232225,3169.2583005072,45.6979653076813,3263475.74589167,27.1513315152567,30.8334262378373,5.01508895643229,0.0002045244071982,36.9999487660664,27.6430982238735,3.19032801396388,0.229436550416185,4.7856524060161,1.53839007577883,25.0134263399972,0.599515099480708,16.3040744925128,6.11370720265946,883.509794107331,3043.98
R1234YF,29,401.342099162019,3091.26860258242,45.5795690317113,3175806.15747826,27.3073847529071,30.615860324181,5.03484145359024,0.0002019230033581,37.0417115463182,23.6320117440822,6.98384858009881,0.545026262176486,4.48981519141375,2.89778033830438,23.7745293172456,0.635075097357172,15.9683724664737,7.05437136274459,1020.87447450018,3043.98
R1234YF,30,400.072878133339,2991.86855525042,45.0777001688222,3116170.96595863,28.1390862908064,30.0697754690643,4.97405310377483,7.65953982692312e-06,36.8170774768146,20.1673904141532,9.90238505491116,0.826743868298313,4.14730923547652,4.15920504738625,23.0554257106185,0.924455532801692,16.4477564375072,7.94453061760414,1145.97445128652,3043.98
R1234YF,31,398.857617940752,2901.02756466953,44.6342608855177,3056930.71822261,28.7340887898652,29.6778302112692,4.91792354495736,7.5051494320614e-08,36.6701573788568,17.8516512473087,11.8261789639605,1.03461565048471,3.88330789447265,5.09120906032988,22.4047840171521,1.23809571238317,16.8900389611948,8.77598465927667,1239.18619869595,3043.98
R1234YF,32,397.692376603138,2817.08102749778,44.2326157442687,2998606.02917111,29.1927957843398,29.3711002681425,4.86450220234721,9.59019930181159e-08,36.5716016492685,16.1960765891991,13.1750236789434,1.19230771743755,3.67219448490965,5.80296513140244,21.8235696578409,1.56626099509637,17.2748951231445,9.55962828871823,1310.32147961367,3043.98
R1234YF,33,396.573613062677,2738.72596765352,43.8595925462434,2938925.21646013,29.5679784977434,29.1330714677683,4.82026523107234,1.15747930287506e-07,36.4786846876681,14.704325186198,14.4287462815702,1.34910321679316,3.47116201427917,6.49619136327777,21.2093563219869,1.8624308124787,17.4960701148542,10.2959963712301,1381.45676053139,3043.98
R1234YF,34,395.498135608393,2664.99411018355,43.5056705519485,2883822.18381394,29.892967617817,28.9031240298808,4.76854788654466,1.38330727786791e-07,36.4353603274269,13.7735424192869,15.1295816105939,1.44087285409903,3.32767503244563,6.9277155896844,20.7527923990874,2.21245962904518,17.787268008976,11.0050445361985,1423.15675279351,3043.98
R1234YF,35,394.463058243324,2595.1890518354,43.1645009740521,2828869.28263839,30.1840304502707,28.7041490965591,4.72170151358989,1.603320382123e-07,36.3901187792482,12.9030142488076,15.8011348477515,1.53225285211658,3.18944866147332,7.35261054020348,20.2871858800963,2.54423402997095,17.9744965353663,11.6791371659334,1464.85674505562,3043.98
R1234YF,36,393.465763581708,2528.71644456992,42.8304828262033,2776404.08533543,30.4573299795972,28.5109718034239,4.67319090681343,1.83100418868533e-07,36.358507127065,12.2119019133112,16.2990698901128,1.60194524567955,3.07124566113389,7.69209240062406,19.873456285634,2.89178129333919,18.1441624214701,12.3266834785742,1496.74497443253,3043.98
R1234YF,37,392.503871146107,2465.26800319764,42.5021170318669,2724531.05992066,30.7131034818936,28.3360915464774,4.62788521890136,2.05474456453233e-07,36.3229195472532,11.5565076354966,16.7795839109808,1.67127232411308,2.95661289478828,8.0284530882581,19.4579581463023,3.22669224733319,18.2435128073113,12.9464059645813,1528.63320380944,3043.98
R1234YF,38,391.575210155005,2404.65673311976,42.1795682614395,2671468.03832727,30.9347120721631,28.2009689932001,4.59056017675176,2.26696841242611e-07,36.2737585311882,10.8500850624858,17.3508839307143,1.75614796660887,2.8344122101429,8.41777327862236,18.9949438180683,3.52199497547244,18.2313858911839,13.5311741431525,1567.88025535025,3043.98
R1234YF,39,390.677796064299,2346.28176983739,41.855313065959,2629468.06443956,31.2223764599362,27.9641739141008,4.5280452634705,2.52896021973973e-07,36.2854041095964,10.6100138532258,17.354160060875,1.75634783970129,2.77169742376921,8.50039533804938,18.7548370703956,3.96714405149129,18.4476457959947,14.1174518605736,1567.88025535025,3043.98
R1234YF,40,389.809810262596,2289.90486286544,41.5276189100086,2580313.39223448,31.4548694600527,27.8218300431955,4.48801185796732,2.74546103144531e-07,36.2352883642384,10.0595524835013,17.7622775596942,1.81904415509157,2.66896770287575,8.8141087907004,18.3595017109292,4.28125895842305,18.4112251447639,14.6746521713173,1597.31554400586,3043.98
R1234ZEE,0,423.15,4783.88382938005,50.4740032003707,4107857.0366171,25.115414367587,35.2947654029653,4.76257738678711,1.40874063729596e-05,34.8272287552542,0.73447097420642,34.5602944287589,4.39158272423003,0.370994662557074,15.6093744619595,9.49737336037292,0.0086665452546454,17.940680545148,5.10718371153051,3096.61745746004,3271.41
R1234ZEE,1,423.15,4783.88382938005,50.4740032003707,4107857.0366171,25.115414367587,35.2947654029653,4.76257738678711,1.40874063729596e-05,34.8272287552542,0.73447097420642,34.5602944287589,4.39158272423003,0.370994662557074,15.6093744619595,9.49737336037292,0.0086665452546454,17.940680545148,5.10718371153051,3096.61745746004,3271.41
R1234ZEE,2,423.15,4783.88382938005,50.4740032003707,4107857.0366171,25.115414367587,35.2947654029653,4.76257738678711,1.40874063729596e-05,34.8272287552542,0.73447097420642,34.5602944287589,4.39158272423003,0.370994662557074,15.6093744619595,9.49737336037292,0.0086665452546454,17.940680545148,5.10718371153051,3096.61745746004,3271.41
R1234ZEE,3,423.15,4783.88382938005,50.4740032003707,4107857.0366171,25.115414367587,35.2947654029653,4.76257738678711,1.40874063729596e-05,34.8272287552542,0.73447097420642,34.5602944287589,4.39158272423003,0.370994662557074,15.6093744619595,9.49737336037292,0.0086665452546454,17.940680545148,5.10718371153051,3096.61745746004,3271.41
R1234ZEE,4,423.15,4783.88382938005,50.4740032003707,4107857.0366171,25.115414367587,35.2947654029653,4.76257738678711,1.40874063729596e-05,34.8272287552542,0.73447097420642,34.5602944287589,4.39158272423003,0.370994662557074,15.6093744619595,9.49737336037292,0.0086665452546454,17.940680545148,5.10718371153051,3096.61745746004,3271.41
R1234ZEE,5,423.15,4783.88382938005,50.4740032003707,4107857.0366171,25.115414367587,35.2947654029653,4.76257738678711,1.40874063729596e-05,34.8272287552542,0.73447097420642,34.5602944287589,4.39158272423003,0.370994662557074,15.6093744619595,9.49737336037292,0.0086665452546454,17.940680545148,5.10718371153051,3096.61745746004,3271.41
R1234ZEE,6,423.15,4783.88382938005,50.4740032003707,4107857.0366171,25.115414367587,35.2947654029653,4.76257738678711,1.40874063729596e-05,34.8272287552542,0.73447097420642,34.5602944287589,4.39158272423003,0.370994662557074,15.6093744619595,9.49737336037292,0.0086665452546454,17.940680545148,5.10718371153051,3096.61745746004,3271.41
R1234ZEE,7,423.15,4783.88382938005,50.4740032003707,4107857.0366171,25.115414367587,35.2947654029653,4.76257738678711,1.40874063729596e-05,34.8272287552542,0.73447097420642,34.5602944287589,4.39158272423003,0.370994662557074,15.6093744619595,9.49737336037292,0.0086665452546454,17.940680545148,5.10718371153051,3096.61745746004,3271.41
R1234ZEE,8,423.15,4783.88382938005,50.4740032003707,4107857.0366171,25.115414367587,35.2947654029653,4.76257738678711,1.40874063729596e-05,34.8272287552542,0.73447097420642,34.5602944287589,4.39158272423003,0.370994662557074,15.6093744619595,9.49737336037292,0.0086665452546454,17.940680545148,5.10718371153051,3096.61745746004,3271.41
R1234ZEE,9,423.15,4783.88382938005,50.4740032003707,4107857.0366171,25.115414367587,35.2947654029653,4.76257738678711,1.40874063729596e-05,34.8272287552542,0.73447097420642,34.5602944287589,4.39158272423003,0.370994662557074,15.6093744619595,9.49737336037292,0.0086665452546454,17.940680545148,5.10718371153051,3096.61745746004,3271.41
R1234ZEE,10,423.15,4783.88382938005,50.4740032003707,4107857.0366171,25.115414367587,35.2947654029653,4.76257738678711,1.40874063729596e-05,34.8272287552542,0.73447097420642,34.5602944287589,4.39158272423003,0.370994662557074,15.6093744619595,9.49737336037292,0.0086665452546454,17.940680545148,5.10718371153051,3096.61745746004,3271.41
R1234ZEE,11,423.15,4783.88382938005,50.4740032003707,4107857.0366171,25.115414367587,35.2947654029653,4.76257738678711,1.40874063729596e-05,34.8272287552542,0.73447097420642,34.5602944287589,4.39158272423003,0.370994662557074,15.6093744619595,9.49737336037292,0.0086665452546454,17.940680545148,5.10718371153051,3096.61745746004,3271.41
R1234ZEE,12,423.15,4783.88382938005,50.4740032003707,4107857.0366171,25.115414367587,35.2947654029653,4.76257738678711,1.40874063729596e-05,34.8272287552542,0.73447097420642,34.5602944287589,4.39158272423003,0.370994662557074,15.6093744619595,9.49737336037292,0.0086665452546454,17.940680545148,5.10718371153051,3096.61745746004,3271.41
R1234ZEE,13,423.15,4783.88382938005,50.4740032003707,4107857.0366171,25.115414367587,35.2947654029653,4.76257738678711,1.40874063729596e-05,34.8272287552542,0.73447097420642,34.5602944287589,4.39158272423003,0.370994662557074,15.6093744619595,9.49737336037292,0.0086665452546454,17.940680545148,5.10718371153051,3096.61745746004,3271.41
R1234ZEE,14,423.15,4783.88382938005,50.4740032003707,4107857.0366171,25.115414367587,35.2947654029653,4.76257738678711,1.40874063729596e-05,34.8272287552542,0.73447097420642,34.5602944287589,4.39158272423003,0.370994662557074,15.6093744619595,9.49737336037292,0.0086665452546454,17.940680545148,5.10718371153051,3096.61745746004,3271.41
R1234ZEE,15,423.15,4783.88382938005,50.4740032003707,4107857.0366171,25.115414367587,35.2947654029653,4.76257738678711,1.40874063729596e-05,34.8272287552542,0.73447097420642,34.5602944287589,4.39158272423003,0.370994662557074,15.6093744619595,9.49737336037292,0.0086665452546454,17.940680545148,5.10718371153051,3096.61745746004,3271.41
R1234ZEE,16,423.15,4783.88382938005,50.4740032003707,4107857.0366171,25.115414367587,35.2947654029653,4.76257738678711,1.40874063729596e-05,34.8272287552542,0.73447097420642,34.5602944287589,4.39158272423003,0.370994662557074,15.6093744619595,9.49737336037292,0.0086665452546454,17.940680545148,5.10718371153051,3096.61745746004,3271.41
R1234ZEE,17,423.15,4783.88382938005,50.4740032003707,4107857.0366171,25.115414367587,35.2947654029653,4.76257738678711,1.40874063729596e-05,34.8272287552542,0.73447097420642,34.5602944287589,4.39158272423003,0.370994662557074,15.6093744619595,9.49737336037292,0.0086665452546454,17.940680545148,5.10718371153051,3096.61745746004,3271.41
R1234ZEE,18,420.663681274013,4640.39494607493,50.7071377820279,3945127.19982715,24.3205396333718,35.2296765355027,4.7084127314648,2.19862031641388e-05,35.7413491134575,31.4678045717059,3.76187196379681,0.180619959630093,4.52779277183471,1.36293520182274,22.5126632955722,0.444941135976935,17.2589251585624,5.52782005019459,678.325248668161,3271.41
R1234ZEE,19,418.327947781502,4477.41698707923,50.5977609653064,3783654.06352544,24.530233154704,34.8821017760193,4.72495874042524,2.2639231436963e-05,35.86268368962,25.0817023295857,9.80039944643363,0.542643325636508,4.18231541478873,3.12793731422182,20.9152913908793,0.487004449602831,16.6461062627676,7.2592665235291,877.772028774708,3271.41
R1234ZEE,20,416.14796566506,4257.95217037619,49.679834313449,3702738.65702194,26.2383372093293,33.7525277998017,4.57577815226578,5.25973062168256e-08,35.4333567860059,20.5046635683755,13.2478642314262,0.803515743165711,3.77226240910007,4.58432548622354,20.5929888249796,1.06102289812611,18.1295913672098,9.27528842303945,1027.35711385462,3271.41
R1234ZEE,21,414.106205453755,4065.98326906518,48.9075631806663,3615512.91356894,27.424935204584,32.9802248307709,4.45314838067499,8.00560016545068e-08,35.1416915039142,17.5536276904947,15.4265971402761,0.995175058534085,3.45797332214091,5.68833156539536,20.0879220015117,1.64868163767696,19.1136087529007,10.8724873947786,1139.54592766455,3271.41
R1234ZEE,22,412.187839467732,3893.56307705087,48.217413443174,3521438.94734954,28.3297652479033,32.4291208100832,4.3560084231285,1.05281766199772e-07,34.8851054136032,15.0915909602109,17.3375298498723,1.18420516963866,3.17180325348984,6.74611678255601,19.4067240324695,2.17692443287783,19.5976225539364,12.3221752467249,1251.73474147448,3271.41
R1234ZEE,23,410.38022308203,3735.74572442523,47.571531787398,3435176.93096939,29.1125593859331,31.9189829679855,4.25374082955813,1.33367958362793e-07,34.7147166831554,13.6382927580085,18.2806902099771,1.28641239867837,2.96732843087975,7.41162761312284,18.9113594292319,2.78957234357831,20.1068687222051,13.6733525141716,1314.06186025778,3271.41
R1234ZEE,24,408.672493551039,3589.58150137317,46.9503374254669,3348261.17183086,29.8007430262789,31.4894268727373,4.16272459088035,1.60288084096243e-07,34.5471053498153,12.3320377959497,19.1573890767876,1.38742506747834,2.77529952340202,8.06238246560406,18.3645420914045,3.37381846927036,20.3658064969974,14.9306180560844,1376.38897904108,3271.41
R1234ZEE,25,407.055256013421,3453.03494348779,46.3417475252666,3268933.70847392,30.4737851632142,31.0458445669459,4.06588225592782,1.88739694686985e-07,34.4144878251725,11.4133609627813,19.6324836041646,1.44571717458694,2.62016508134088,8.53272233749498,17.9162100602384,4.02485276548076,20.6234634332082,16.1162775389416,1413.78525031105,3271.41
R1234ZEE,26,405.520335037963,3324.7492442752,45.7396868306596,3190950.16788726,31.1073444942306,30.6405155941915,3.97486556789777,2.16521958221986e-07,34.2772741271581,10.5571140356239,20.0834015585676,1.50321191571791,2.47165365217986,8.99907136634624,17.4403184362564,4.66795469162805,20.7360630360432,17.2327790668196,1451.18152158103,3271.41
R1234ZEE,27,404.06057606014,3203.62491759728,45.1394269083213,3114222.4778585,31.7070548325162,30.2687914366205,3.88904616897293,2.43753009190267e-07,34.1351073181374,9.75762794273965,20.5111634938808,1.55984214243513,2.3292040265378,9.46194272229624,16.9421759362283,5.30293617399161,20.7322560772374,18.2883373431364,1488.57779285101,3271.41
R1234ZEE,28,402.669685232225,3088.84284067676,44.5384438849735,3043828.592847,32.3237322647618,29.8723653535158,3.79810982505352,2.7183226384387e-07,34.0057922848365,9.11096195191518,20.7614034016006,1.59525802847628,2.20285179657724,9.84230809523131,16.4854664206837,5.99595774884682,20.7307714286981,19.2929797224389,1513.50864036433,3271.41
R1234ZEE,29,401.342099162019,2979.8089091778,43.9361386337364,2975091.08310697,32.9245750746167,29.4938461461714,3.71035340866792,2.99575355626357e-07,33.8712250709686,8.49553503468397,20.9983111114874,1.63005030791527,2.08030310075265,10.2228510882127,16.0083219515608,6.69340203484327,20.6516060020101,20.2483584154513,1538.43948787765,3271.41
R1234ZEE,30,400.072878133339,2875.93532849603,43.3309645958079,2914014.85246833,33.5679417368691,29.0697074422321,3.61417579399255,3.28314399253084e-07,33.7481746985918,7.99505848671633,21.0746489555158,1.64402551138004,1.97015028261251,10.5260318828472,15.5671114869853,7.47479836703672,20.6061777671974,21.162161479553,1550.9049116343,3271.41
R1234ZEE,31,398.857617940752,2776.75463461469,42.7222382461509,2855098.82207864,34.2084176737704,28.6533470279498,3.51939126940055,3.56804957779838e-07,33.6188436720743,7.50823468868056,21.1451123392692,1.65753028192527,1.86186098747529,10.831520857824,15.1020683031474,8.27482851279898,20.5058450100282,22.0347533271875,1563.37033539096,3271.41
R1234ZEE,32,397.692376603138,2688.70603470369,42.2169258610146,2829977.73487363,35.4130429483884,27.66770521521,3.16410461313613,-3.79184569375159e-05,33.7551851417224,7.55732720071106,20.1103780144989,1.52026285428764,1.6438417588485,10.5167967667347,16.6540971132298,8.24214906842385,22.1219478675273,21.4350749320746,1488.57779285101,2968.08468858796
R1234ZEE,33,396.573613062677,2609.17466227367,41.784880605398,2778662.2932897,35.8802079660048,27.2818766287821,3.04732350398646,0.0001828102668396,33.7904090909598,7.35468312224243,19.9271935065397,1.49690276176694,1.55042074221952,10.5389756565705,16.8504862571556,8.49074605227869,22.304165650323,21.5767526026049,1476.11236909435,2884.46247088704
R1234ZEE,34,395.498135608393,2535.42205534109,41.3904241770411,2735609.62961856,36.3497760043634,26.8588466628015,2.92393824341909,0.001353836968035,33.8660852524479,7.26558037935962,19.5932662834419,1.45458575501481,1.46935248840428,10.4509401299261,17.2559461881059,8.64288968633145,22.576162207333,21.5252089412742,1451.18152158103,2786.54800008581
R1234ZEE,35,394.463058243324,2466.5268502924,41.0245259614808,2695184.59657056,36.7436275958444,26.4816292937908,2.82553386912066,0.0027851069019791,33.9464241343422,7.2132428252841,19.2683864685067,1.41413135236145,1.41140251675921,10.3419338147343,17.5019205249212,8.89977325618895,22.76088496244,21.5671350195653,1426.25067406771,2717.12848502717
R1234ZEE,36,393.465763581708,2401.77482960124,40.6803917507403,2656957.83754215,37.1049557158926,26.1211160281182,2.73344169321895,0.004586202348238,34.035900360422,7.17935029014568,18.9417657379725,1.37424371704864,1.35919797617031,10.2180775181783,17.7870143375134,9.09986386020095,22.9275477726755,21.5429944565355,1401.31982655439,2647.70896996854
R1234ZEE,37,392.503871146107,2340.7028422642,40.3545683510666,2605432.25617899,37.2644341585245,25.9564886324891,2.68966641819356,0.0052373519037188,34.0841734388892,6.99362707678525,18.9628615557038,1.37554538454499,1.31412103364857,10.2650052221908,17.6317199772005,9.36770895913317,22.7747177498861,21.7786491553219,1401.31982655439,2621.4885958597
R1234ZEE,38,391.575210155005,2282.85227970375,40.0430224556926,2571173.0182865,37.5816164349979,25.6207381240424,2.60449678136258,0.0074450451435381,34.1857036144536,6.98402242264567,18.6367157013968,1.3361581529622,1.26833862840038,10.1220015321086,18.0116157438564,9.44799915903279,22.9264145844651,21.6301588389355,1376.38897904108,2548.41542211377
R1234ZEE,39,390.677796064299,2227.98442670419,39.7450071362265,2531089.95276276,37.7824069468206,25.3945179158491,2.55077910785766,0.0087042256083961,34.2635918038642,6.90799614526765,18.4865217705815,1.31770314322191,1.23307596463575,10.0633681702059,18.0393996843493,9.67963909226535,22.9019568415888,21.7161668394906,1363.92355528442,2511.46434454938
R1234ZEE,40,389.809810262596,2175.92057768299,39.4605042304654,2492257.09080461,37.9818604615003,25.1657031091452,2.48907096896476,0.0104881750102103,34.3528772853795,6.83274463247755,18.3329584766677,1.29886474002233,1.19020622894243,9.9985198365499,18.3357235272568,9.64761709769356,22.8914479344131,21.5672345095303,1351.45813152776,2450.02761317728
R227EA,0,423.15,4305.05916688938,45.4219997636354,4587119.09760161,27.0101041827775,25.2495111225766,3.26487134342971,0.0333287680313723,44.4421845831848,0.461230211991402,24.7882809105852,3.0770902609501,0.187781082479618,15.1684855227069,11.7558990793105,0.0857195807601032,16.1246535570904,5.0,2532.5,2632.5
R227EA,1,423.15,4305.05916688938,45.4219997636354,4587119.09760161,27.0101041827775,25.2495111225766,3.26487134342971,0.0333287680313723,44.4421845831848,0.461230211991402,24.7882809105852,3.0770902609501,0.187781082479618,15.1684855227069,11.7558990793105,0.0857195807601032,16.1246535570904,5.0,2532.5,2632.5
R227EA,2,423.15,4305.05916688938,45.4219997636354,4587119.09760161,27.0101041827775,25.2495111225766,3.26487134342971,0.0333287680313723,44.4421845831848,0.461230211991402,24.7882809105852,3.0770902609501,0.187781082479618,15.1684855227069,11.7558990793105,0.0857195807601032,16.1246535570904,5.0,2532.5,2632.5
R227EA,3,423.15,4305.05916688938,45.4219997636354,4587119.09760161,27.0101041827775,25.2495111225766,3.26487134342971,0.0333287680313723,44.4421845831848,0.461230211991402,24.7882809105852,3.0770902609501,0.187781082479618,15.1684855227069,11.7558990793105,0.0857195807601032,16.1246535570904,5.0,2532.5,2632.5
R227EA,4,423.15,4305.05916688938,45.4219997636354,4587119.09760161,27.0101041827775,25.2495111225766,3.26487134342971,0.0333287680313723,44.4421845831848,0.461230211991402,24.7882809105852,3.0770902609501,0.187781082479618,15.1684855227069,11.7558990793105,0.0857195807601032,16.1246535570904,5.0,2532.5,2632.5
R227EA,5,423.15,4305.05916688938,45.4219997636354,4587119.09760161,27.0101041827775,25.2495111225766,3.26487134342971,0.0333287680313723,44.4421845831848,0.461230211991402,24.7882809105852,3.0770902609501,0.187781082479618,15.1684855227069,11.7558990793105,0.0857195807601032,16.1246535570904,5.0,2532.5,2632.5
R227EA,6,423.15,4305.05916688938,45.4219997636354,4587119.09760161,27.0101041827775,25.2495111225766,3.26487134342971,0.0333287680313723,44.4421845831848,0.461230211991402,24.7882809105852,3.0770902609501,0.187781082479618,15.1684855227069,11.7558990793105,0.0857195807601032,16.1246535570904,5.0,2532.5,2632.5
R227EA,7,423.15,4305.05916688938,45.4219997636354,4587119.09760161,27.0101041827775,25.2495111225766,3.26487134342971,0.0333287680313723,44.4421845831848,0.461230211991402,24.7882809105852,3.0770902609501,0.187781082479618,15.1684855227069,11.7558990793105,0.0857195807601032,16.1246535570904,5.0,2532.5,2632.5
R227EA,8,423.15,4305.05916688938,45.4219997636354,4587119.09760161,27.0101041827775,25.2495111225766,3.26487134342971,0.0333287680313723,44.4421845831848,0.461230211991402,24.7882809105852,3.0770902609501,0.187781082479618,15.1684855227069,11.7558990793105,0.0857195807601032,16.1246535570904,5.0,2532.5,2632.5
R227EA,9,423.15,4305.05916688938,45.4219997636354,4587119.09760161,27.0101041827775,25.2495111225766,3.26487134342971,0.0333287680313723,44.4421845831848,0.461230211991402,24.7882809105852,3.0770902609501,0.187781082479618,15.1684855227069,11.7558990793105,0.0857195807601032,16.1246535570904,5.0,2532.5,2632.5
R227EA,10,423.15,4305.05916688938,45.4219997636354,4587119.09760161,27.0101041827775,25.2495111225766,3.26487134342971,0.0333287680313723,44.4421845831848,0.461230211991402,24.7882809105852,3.0770902609501,0.187781082479618,15.1684855227069,11.7558990793105,0.0857195807601032,16.1246535570904,5.0,2532.5,2632.5
R227EA,11,423.15,4305.05916688938,45.4219997636354,4587119.09760161,27.0101041827775,25.2495111225766,3.26487134342971,0.0333287680313723,44.4421845831848,0.461230211991402,24.7882809105852,3.0770902609501,0.187781082479618,15.1684855227069,11.7558990793105,0.0857195807601032,16.1246535570904,5.0,2532.5,2632.5
R227EA,12,423.15,4305.05916688938,45.4219997636354,4587119.09760161,27.0101041827775,25.2495111225766,3.26487134342971,0.0333287680313723,44.4421845831848,0.461230211991402,24.7882809105852,3.0770902609501,0.187781082479618,15.1684855227069,11.7558990793105,0.0857195807601032,16.1246535570904,5.0,2532.5,2632.5
R227EA,13,423.15,4305.05916688938,45.4219997636354,4587119.09760161,27.0101041827775,25.2495111225766,3.26487134342971,0.0333287680313723,44.4421845831848,0.461230211991402,24.7882809105852,3.0770902609501,0.187781082479618,15.1684855227069,11.7558990793105,0.0857195807601032,16.1246535570904,5.0,2532.5,2632.5
R227EA,14,423.15,4305.05916688938,45.4219997636354,4587119.09760161,27.0101041827775,25.2495111225766,3.26487134342971,0.0333287680313723,44.4421845831848,0.461230211991402,24.7882809105852,3.0770902609501,0.187781082479618,15.1684855227069,11.7558990793105,0.0857195807601032,16.1246535570904,5.0,2532.5,2632.5
R227EA,15,423.15,4305.05916688938,45.4219997636354,4587119.09760161,27.0101041827775,25.2495111225766,3.26487134342971,0.0333287680313723,44.4421845831848,0.461230211991402,24.7882809105852,3.0770902609501,0.187781082479618,15.1684855227069,11.7558990793105,0.0857195807601032,16.1246535570904,5.0,2532.5,2632.5
R227EA,16,423.15,4305.05916688938,45.4219997636354,4587119.09760161,27.0101041827775,25.2495111225766,3.26487134342971,0.0333287680313723,44.4421845831848,0.461230211991402,24.7882809105852,3.0770902609501,0.187781082479618,15.1684855227069,11.7558990793105,0.0857195807601032,16.1246535570904,5.0,2532.5,2632.5
R227EA,17,423.15,4305.05916688938,45.4219997636354,4587119.09760161,27.0101041827775,25.2495111225766,3.26487134342971,0.0333287680313723,44.4421845831848,0.461230211991402,24.7882809105852,3.0770902609501,0.187781082479618,15.1684855227069,11.7558990793105,0.0857195807601032,16.1246535570904,5.0,2532.5,2632.5
R227EA,18,420.663681274013,4191.13029715281,45.7978736529569,4385196.52980964,28.338892422148,26.392701856036,3.52491701018118,0.0001469238839396,41.7433417877509,0.995216236770375,25.3974856192657,3.12265388558487,0.402263124596307,15.9419026051051,12.3960249698809,0.0009648471620121,16.8684663617494,5.0,2428.22915346376,2632.5
R227EA,19,418.327947781502,4106.2858516958,46.4037346932161,4175582.60446557,26.6539373124901,27.2257479968911,3.60693316825136,0.0018253990216814,42.5115561233458,0.482659570734339,26.7430884261567,3.39747356839601,0.209459599855353,15.713418323512,10.9313100756287,0.0092089133494557,16.345479583061,5.09361651200051,2532.5,2632.5
R227EA,20,416.14796566506,3980.84832108707,46.4467136090691,4037281.74258422,26.4450653365985,27.1779597911928,3.58409749122495,0.160422324059145,42.6324550569245,23.8732393035402,3.30472048765265,0.175638107722656,3.4084593835023,1.65518218066657,24.3799452196842,0.40993793624779,15.8518787039592,6.36748824412319,628.423671946996,2632.5
R227EA,21,414.106205453755,3883.37841150998,46.7111058868244,3887994.94935735,27.4426842850085,28.2659045125375,3.82233445630883,0.100466915916203,40.368609830229,24.7794597818666,3.48644473067092,0.187207229818124,3.63512722649071,1.7943361618916,25.2154002442324,0.432947878884478,16.446271811364,6.27301151952262,628.423671946996,2632.5
R227EA,22,412.187839467732,3805.30115857186,47.1243885376128,3733044.60836831,26.0167836348069,28.8877120301229,3.91168206818006,0.101558464364928,41.0822638025252,25.3204718091432,3.56724022097967,0.191654078344092,3.72002798983597,1.70508797257962,23.8931472858588,0.418548376368529,15.9587462107492,6.33560528077875,628.423671946996,2632.5
R227EA,23,410.38022308203,3731.82808051621,47.5216439375556,3589608.13976061,24.6096299230539,29.499565029986,3.99988108357025,0.0951834265268041,41.795740536863,25.8541334080384,3.64543162194769,0.196020613644683,3.80386046992557,1.61625933378871,22.589964568491,0.403406020774175,15.4943641165473,6.06086852876328,628.423671946996,2632.5
R227EA,24,408.672493551039,3664.07155192839,47.9246384706082,3451346.02354483,24.3248941406327,31.2387384212018,4.41584011776027,5.69743460114452e-05,40.0204703460592,0.734338896491456,30.5043995247104,4.04990477558987,0.365935342170397,15.56545046754,8.75178751976536,0.0076561533272958,15.966891653598,5.0,2487.16484933207,2632.5
R227EA,25,407.055256013421,3594.72253558865,48.2432778393414,3326979.15306979,23.0637069619109,31.7926690161477,4.47042063293352,0.0012048114860307,40.6719985775218,0.498051558174764,31.2946174579729,4.21429747053536,0.256123162398165,15.0381202693996,7.91336417000753,0.112222522503826,15.5053574618432,5.3956677511051,2532.5,2632.5
R227EA,26,405.520335037963,3507.78733527182,48.2578030388768,3247628.58009421,22.7652548798836,31.534298193076,4.40737527153011,0.0549801579571635,41.2380914975531,27.5636453728936,3.97065282018239,0.216033292063568,4.19134197946654,1.56602982409836,20.8072187024549,0.392006353330394,15.0625956120786,6.40501139192646,628.423671946996,2632.5
R227EA,27,404.06057606014,3369.43143404524,47.4756589338042,3190338.05996402,24.4675303933513,30.5966740431415,4.31342866466059,0.0495680675845514,40.5727988312621,20.8154079930413,9.78126605010022,0.618064982021419,3.69536368263917,3.76835660892479,20.0444273704595,0.654746413966981,15.4465413586858,7.64214594301554,818.831304752297,2632.5
R227EA,28,402.669685232225,3243.31653491425,46.7658210347263,3139835.88886878,25.6944186180219,29.906963273503,4.21272886761438,0.0579257377183615,40.1279635031424,17.7374603315862,12.1695029419167,0.823432605569617,3.38929626204477,4.98671695524894,19.6132078750058,1.09449378776723,16.2787824353146,8.83707867161933,918.56863622174,2632.5
R227EA,29,401.342099162019,3130.98688889708,46.1651999184573,3084256.83213132,26.6065250873262,29.4003204427222,4.12905015239109,0.0602693243016221,39.803834993259,15.5240719957293,13.8762484469928,0.988656809068128,3.14039334332296,5.98291996345419,19.0952051809853,1.5283999428867,16.8602538641206,9.92162895254254,999.718555917332,2632.5
R227EA,30,400.072878133339,3028.25232393206,45.6258848852813,3030779.7677114,27.3551979606491,28.9618425026425,4.04608979110719,0.065233994983167,39.5716357506181,14.1715597469094,14.7902827557331,1.08474190227148,2.96134788883571,6.63412318015807,18.7090082923063,2.01206648818473,17.4120743960568,10.927410261238,1047.32046411866,2632.5
R227EA,31,398.857617940752,2932.58692787719,45.1198229215172,2964571.41225636,27.9593219777364,28.6894218904691,3.99606505299784,0.0546268438819642,39.3005642349147,12.2272427889617,16.4621791015073,1.27481693228528,2.72124812071256,7.70657727824569,17.9240363735595,2.32870832593119,17.432995472231,11.8728733191037,1142.52428052131,2632.5
R227EA,32,397.692376603138,2843.06766128728,44.640646885609,2909432.61846841,28.5312327604501,28.3642267686386,3.92645477520717,0.0556020432015404,39.1224836525026,11.2955463066729,17.0686804619656,1.34997413490661,2.57648064030056,8.24062518821998,17.4982801428693,2.79232742936081,17.7134814468324,12.7675169001231,1180.60580708237,2632.5
R227EA,33,396.573613062677,2757.89805422271,44.1666257854638,2853759.95477043,29.0708446286979,28.0714975985375,3.86229533557954,0.0547662046159006,38.9405962325691,10.4332433314568,17.6382542670807,1.42401555849785,2.43827977708168,8.77175987698243,17.0622368072301,3.23684794448541,17.8730295418753,13.6287223753518,1218.68733364343,2632.5
R227EA,34,395.498135608393,2676.95714221845,43.7009654415408,2800796.28078363,29.5916006010496,27.7815853007918,3.79680194314759,0.0547857984261138,38.7752263565849,9.74143211882179,18.04015318197,1.4788036619795,2.31799828116808,9.2153004925086,16.6678345370142,3.70846557152676,18.008356964543,14.4505229867919,1247.24847856422,2632.5
R227EA,35,394.463058243324,2599.83886188645,43.241838973893,2751474.70439622,30.1065287300556,27.4839427468429,3.72808532779883,0.0559017078285773,38.6255414874741,9.19139703357891,18.292545713264,1.51472512785509,2.21336019994374,9.57419342011146,16.3125396367666,4.21979567317759,18.1396416510179,15.2339723633415,1266.28924184475,2632.5
R227EA,36,393.465763581708,2525.70719466546,42.7795132417608,2699220.44117451,30.5851096917507,27.2328102050225,3.66916336118807,0.054152982849813,38.4587637591889,8.57093444710145,18.6618757579211,1.56820888811704,2.10095447307103,10.014646956549,15.8918850797529,4.67857765544879,18.1276695465849,15.9896613464086,1294.85038676555,2632.5
R227EA,37,392.503871146107,2454.78382318809,42.3213659552412,2651051.75763802,31.0695536703147,26.9645090882521,3.60564335984051,0.0538241030438837,38.3064697785489,8.07407989783382,18.8904291904182,1.60304697812466,2.00259638171585,10.3728161481254,15.5111558654278,5.18558165676153,18.1358982692761,16.7122750704164,1313.89115004608,2632.5
R227EA,38,391.575210155005,2386.41933493989,41.8596699695777,2607611.85349984,31.5841123396271,26.6658481132382,3.53567226102175,0.054896169320384,38.1594711167925,7.68172683610361,18.9841212771346,1.61918644373023,1.91648581729152,10.6553544276431,15.1765097592918,5.75224815269218,18.175290758094,17.4136664987849,1323.41153168634,2632.5
R227EA,39,390.677796064299,2320.62112975832,41.3975529888064,2565317.21153841,32.0943550379055,26.3724461389578,3.46674874022131,0.0554905447722449,38.0109595381431,7.29907964353803,19.0733664954198,1.63504597248481,1.8317027677365,10.9394007451092,14.8256924197354,6.32926187306092,18.1741429422839,18.0879345134742,1332.93191332661,2632.5
R227EA,40,389.809810262596,2257.12689951481,40.9331877645295,2524052.55836909,32.6016292260158,26.0847597507337,3.39878922638653,0.0556510400879307,37.859170756776,6.92588219531106,19.1588775554227,1.65056931233158,1.74821991405495,11.2253388307122,14.4599254293724,6.91636496593118,18.1370628567107,18.7386710253568,1342.45229496687,2632.5
R236EA,0,423.15,4462.99983784795,47.0884068537225,4067516.85737657,35.2419728834102,27.8512631173246,1.81119524448502,0.190638026525159,34.904930728255,7.60879711482559,20.242466002499,0.788291468785826,1.02290377569919,10.9581864167453,17.1303064544632,7.15348001220171,27.7916492006781,23.0985844224746,905.547788113751,2210.91281366537
R236EA,1,423.15,4462.99983784795,47.0884068537225,4067516.85737657,35.2419728834102,27.8512631173246,1.81119524448502,0.190638026525159,34.904930728255,7.60879711482559,20.242466002499,0.788291468785826,1.02290377569919,10.9581864167453,17.1303064544632,7.15348001220171,27.7916492006781,23.0985844224746,905.547788113751,2210.91281366537
R236EA,2,423.15,4462.99983784795,47.0884068537225,4067516.85737657,35.2419728834102,27.8512631173246,1.81119524448502,0.190638026525159,34.904930728255,7.60879711482559,20.242466002499,0.788291468785826,1.02290377569919,10.9581864167453,17.1303064544632,7.15348001220171,27.7916492006781,23.0985844224746,905.547788113751,2210.91281366537
R236EA,3,423.15,4462.99983784795,47.0884068537225,4067516.85737657,35.2419728834102,27.8512631173246,1.81119524448502,0.190638026525159,34.904930728255,7.60879711482559,20.242466002499,0.788291468785826,1.02290377569919,10.9581864167453,17.1303064544632,7.15348001220171,27.7916492006781,23.0985844224746,905.547788113751,2210.91281366537
R236EA,4,423.15,4462.99983784795,47.0884068537225,4067516.85737657,35.2419728834102,27.8512631173246,1.81119524448502,0.190638026525159,34.904930728255,7.60879711482559,20.242466002499,0.788291468785826,1.02290377569919,10.9581864167453,17.1303064544632,7.15348001220171,27.7916492006781,23.0985844224746,905.547788113751,2210.91281366537
R236EA,5,423.15,4462.99983784795,47.0884068537225,4067516.85737657,35.2419728834102,27.8512631173246,1.81119524448502,0.190638026525159,34.904930728255,7.60879711482559,20.242466002499,0.788291468785826,1.02290377569919,10.9581864167453,17.1303064544632,7.15348001220171,27.7916492006781,23.0985844224746,905.547788113751,2210.91281366537
R236EA,6,423.15,4462.99983784795,47.0884068537225,4067516.85737657,35.2419728834102,27.8512631173246,1.81119524448502,0.190638026525159,34.904930728255,7.60879711482559,20.242466002499,0.788291468785826,1.02290377569919,10.9581864167453,17.1303064544632,7.15348001220171,27.7916492006781,23.0985844224746,905.547788113751,2210.91281366537
R236EA,7,423.15,4462.99983784795,47.0884068537225,4067516.85737657,35.2419728834102,27.8512631173246,1.81119524448502,0.190638026525159,34.904930728255,7.60879711482559,20.242466002499,0.788291468785826,1.02290377569919,10.9581864167453,17.1303064544632,7.15348001220171,27.7916492006781,23.0985844224746,905.547788113751,2210.91281366537
R236EA,8,423.15,4462.99983784795,47.0884068537225,4067516.85737657,35.2419728834102,27.8512631173246,1.81119524448502,0.190638026525159,34.904930728255,7.60879711482559,20.242466002499,0.788291468785826,1.02290377569919,10.9581864167453,17.1303064544632,7.15348001220171,27.7916492006781,23.0985844224746,905.547788113751,2210.91281366537
R236EA,9,423.15,4462.99983784795,47.0884068537225,4067516.85737657,35.2419728834102,27.8512631173246,1.81119524448502,0.190638026525159,34.904930728255,7.60879711482559,20.242466002499,0.788291468785826,1.02290377569919,10.9581864167453,17.1303064544632,7.15348001220171,27.7916492006781,23.0985844224746,905.547788113751,2210.91281366537
R236EA,10,423.15,4462.99983784795,47.0884068537225,4067516.85737657,35.2419728834102,27.8512631173246,1.81119524448502,0.190638026525159,34.904930728255,7.60879711482559,20.242466002499,0.788291468785826,1.02290377569919,10.9581864167453,17.1303064544632,7.15348001220171,27.7916492006781,23.0985844224746,905.547788113751,2210.91281366537
R236EA,11,423.15,4462.99983784795,47.0884068537225,4067516.85737657,35.2419728834102,27.8512631173246,1.81119524448502,0.190638026525159,34.904930728255,7.60879711482559,20.242466002499,0.788291468785826,1.02290377569919,10.9581864167453,17.1303064544632,7.15348001220171,27.7916492006781,23.0985844224746,905.547788113751,2210.91281366537
R236EA,12,423.15,4462.99983784795,47.0884068537225,4067516.85737657,35.2419728834102,27.8512631173246,1.81119524448502,0.190638026525159,34.904930728255,7.60879711482559,20.242466002499,0.788291468785826,1.02290377569919,10.9581864167453,17.1303064544632,7.15348001220171,27.7916492006781,23.0985844224746,905.547788113751,2210.91281366537
R236EA,13,423.15,4462.99983784795,47.0884068537225,4067516.85737657,35.2419728834102,27.8512631173246,1.81119524448502,0.190638026525159,34.904930728255,7.60879711482559,20.242466002499,0.788291468785826,1.02290377569919,10.9581864167453,17.1303064544632,7.15348001220171,27.7916492006781,23.0985844224746,905.547788113751,2210.91281366537
R236EA,14,423.15,4462.99983784795,47.0884068537225,4067516.85737657,35.2419728834102,27.8512631173246,1.81119524448502,0.190638026525159,34.904930728255,7.60879711482559,20.242466002499,0.788291468785826,1.02290377569919,10.9581864167453,17.1303064544632,7.15348001220171,27.7916492006781,23.0985844224746,905.547788113751,2210.91281366537
R236EA,15,423.15,4462.99983784795,47.0884068537225,4067516.85737657,35.2419728834102,27.8512631173246,1.81119524448502,0.190638026525159,34.904930728255,7.60879711482559,20.242466002499,0.788291468785826,1.02290377569919,10.9581864167453,17.1303064544632,7.15348001220171,27.7916492006781,23.0985844224746,905.547788113751,2210.91281366537
R236EA,16,423.15,4462.99983784795,47.0884068537225,4067516.85737657,35.2419728834102,27.8512631173246,1.81119524448502,0.190638026525159,34.904930728255,7.60879711482559,20.242466002499,0.788291468785826,1.02290377569919,10.9581864167453,17.1303064544632,7.15348001220171,27.7916492006781,23.0985844224746,905.547788113751,2210.91281366537
R236EA,17,423.15,4462.99983784795,47.0884068537225,4067516.85737657,35.2419728834102,27.8512631173246,1.81119524448502,0.190638026525159,34.904930728255,7.60879711482559,20.242466002499,0.788291468785826,1.02290377569919,10.9581864167453,17.1303064544632,7.15348001220171,27.7916492006781,23.0985844224746,905.547788113751,2210.91281366537
R236EA,18,420.663681274013,4248.81541143662,46.4282180680234,3946697.49035952,35.9052764678425,27.3508511586201,1.71431603259202,0.196616700412479,34.8329396405329,7.39193513152808,19.958916027092,0.766001255695642,0.948314776896379,10.9753443402095,17.3449302648503,7.58500186278263,27.9082881196914,23.4644607029141,884.227553558794,2107.59167697597
R236EA,19,418.327947781502,4055.16223999024,45.8260042088262,3836952.27973583,36.5037607790967,26.8725611896989,1.61970421805649,0.198159367426693,34.8058144457212,7.27285601315102,19.5997051765479,0.738368237307441,0.881335980749052,10.9016661306968,17.8170278344646,7.78506681393527,28.0272615880035,23.4420343853668,857.890793226201,1987.65812223062
R236EA,20,416.14796566506,3880.32434325194,45.2738459103376,3736757.97647668,37.0230683401192,26.4421485697728,1.5457769317114,0.205992671573431,34.7830134868231,7.20354050023096,19.2386080695419,0.711127518206545,0.834649413504858,10.7906155030582,18.0340279996465,8.19842483741453,28.1103606675327,23.6417801229527,831.554032893607,1909.30626024115
R236EA,21,414.106205453755,3721.46973417247,44.7635920033737,3644940.62781986,37.4944612357513,26.0345543744966,1.47524524235919,0.209609201440965,34.7861299459519,7.17191617406802,18.8626382004286,0.683750850049843,0.791494392309348,10.6469046009788,18.4031681058626,8.44438852890992,28.1728013185551,23.6042703510188,805.217272561013,1823.38257965606
R236EA,22,412.187839467732,3576.27113991475,44.2881085334239,3547740.07988815,37.8228382752802,25.744165556884,1.42609253721259,0.211076448496918,34.7958271821263,7.03912877897067,18.7050367779133,0.671419167431056,0.754673369781538,10.6083534343977,18.4442419795582,8.77024286132427,28.0299532199779,23.8078527746723,792.048892394716,1769.06301147009
R236EA,23,410.38022308203,3442.82700558301,43.8414620309318,3457017.36758981,38.1159720319228,25.4731805866976,1.38034768041248,0.211111591143163,34.8193881098239,6.9295007112991,18.5436798753985,0.6590067538829,0.721340926529582,10.5531321896063,18.5346557233971,9.02818411891936,27.8792690402744,23.9145468716034,778.880512228419,1714.85310239637
R236EA,24,408.672493551039,3319.68223529324,43.4201594343861,3372375.26388372,38.3786486051982,25.2185593457775,1.3398678931391,0.212809746346628,34.8501144095387,6.84003277489465,18.3785265708828,0.646585114325946,0.69328277881315,10.4844356950795,18.5696717616526,9.32454114846601,27.7293575898439,24.0448281991967,765.761197335795,1669.63565852614
R236EA,25,407.055256013421,3205.59714611716,43.0209876367566,3294890.49928268,38.6338649778926,24.9630735445755,1.29877655030741,0.211872255611248,34.8924126716133,6.78001311679933,18.1830604277761,0.63253001033377,0.66624653997364,10.3907992732857,18.7457676893042,9.49729801530278,27.6037366856862,24.0076123638937,751.381674391182,1617.02902405229
R236EA,26,405.520335037963,3099.53678321055,42.6413637143535,3221588.39670969,38.8596847943156,24.7263236574793,1.26326078851323,0.213149512596278,34.9375812470956,6.72511942454366,18.0012042329357,0.619608020762365,0.643652767750868,10.2975562792584,18.8189373276546,9.74319118740259,27.4697500615275,24.0480081991213,738.072805355919,1575.72846704642
R236EA,27,404.06057606014,3000.68168510491,42.2799344754499,3151916.49979722,39.0672632059412,24.5029314672189,1.2270033231119,0.208347909943387,34.9944540937846,6.67367667129629,17.8292547959226,0.607581246424088,0.619422076687814,10.2053299186576,19.0902525960679,9.77168069121562,27.3167979975655,23.8731665469042,725.711366255126,1522.9488998649
R236EA,28,402.669685232225,2908.35310892601,41.9359379615469,3081044.10424197,39.2027826677517,24.3340081063582,1.20415674441166,0.212613115652617,35.0464393658258,6.58737882470374,17.7466292816544,0.600998263702465,0.603158480709195,10.1541408654737,18.8851441542929,10.1634976479852,27.1053117172214,24.1203844058602,717.929531531326,1504.70555226685
R236EA,29,401.342099162019,2821.57665428726,41.6030647692389,3018235.23670618,39.3765367714766,24.1339681879242,1.17241123823162,0.206604167127297,35.1104796352403,6.54136815627354,17.5926000316507,0.590451966322911,0.581959271908713,10.0652285846596,19.1729979683643,10.1383102184527,26.9469914933985,23.9021283782639,707.057992745492,1456.08307306373
R236EA,30,400.072878133339,2739.9531776974,41.2821571335766,2963436.47029599,39.5628502364528,23.9125833036193,1.1464270651777,0.213712443893859,35.1644269508563,6.537435538086,17.3751477655333,0.576464584654218,0.569962480523484,9.93742023460135,19.0907863602149,10.5346436416365,26.8718369531577,24.0274358285737,693.346895399046,1434.64160628297
R236EA,31,398.857617940752,2663.22132151404,40.9754518392079,2898204.53124807,39.639442065488,23.7950035949177,1.12512570716969,0.205930125584794,35.2344985068398,6.43008099130065,17.3649226036171,0.574442303849589,0.550683403320103,9.91992211579051,19.2039714555227,10.5155484941747,26.5952211069908,23.9268509612228,689.756153373322,1399.7005260501
R236EA,32,397.692376603138,2590.85243811018,40.6804700420068,2851788.04926872,39.8240433088212,23.5679584804295,1.09897083203279,0.211202787677878,35.2978245910386,6.45819864822084,17.1097598322086,0.558822757703988,0.540148074328803,9.7670859489631,19.2537814416829,10.8031759181752,26.5539817569543,23.911852061536,674.962101061079,1373.63954275778
R236EA,33,396.573613062677,2522.29016766765,40.3934604425142,2799718.43207191,39.9430683702879,23.4053610269364,1.07636865151355,0.2078426900203,35.3673592612418,6.41973162764239,16.985629399294,0.550734120268964,0.525634531244591,9.68583528566491,19.4023305835788,10.8549025010442,26.394634293713,23.7847275386237,666.553726457003,1341.6461564638
R236EA,34,395.498135608393,2457.4086937324,40.1168665373344,2741893.38643341,39.9845512890122,23.3120803543977,1.06085007514282,0.202937479115001,35.4395808023323,6.31986420127628,16.9922161531214,0.549810137233188,0.511039937909634,9.67151609565322,19.3940455455835,10.9189896477755,26.1244682035318,23.769889360886,664.049387770025,1318.60740333176
R236EA,35,394.463058243324,2395.74587334881,39.8472608423693,2688337.41430107,40.030792374453,23.2110161038596,1.04696977904399,0.202638294737096,35.5085834479063,6.23894649350705,16.9720696103525,0.54742270875063,0.499547070293363,9.6407933547795,19.2563097518786,11.133689267795,25.8912787263762,23.8625134486524,660.37947112696,1303.83146043686
R236EA,36,393.465763581708,2337.24890231275,39.5874749761019,2656244.39162814,40.2326821612284,22.9624272500461,1.02096704214612,0.206923434780773,35.5770001117986,6.31395213093439,16.6484751191117,0.529109890435158,0.491857151710958,9.45172544473705,19.4561975398008,11.3247591766906,25.9280491429001,23.6995544590677,643.948551164311,1275.18923821239
R236EA,37,392.503871146107,2281.62510986674,39.3360467570341,2604363.18433403,40.2495000824305,22.8872879674444,1.00857569223154,0.202357534574427,35.6522787233191,6.22027314085487,16.6670148265896,0.528969272385959,0.47960641984558,9.44054639220001,19.4245798856939,11.3843738045366,25.6646202635638,23.6872281903032,642.241874928471,1256.4583116815
R236EA,38,391.575210155005,2228.58322409033,39.0911005850146,2561990.94036147,40.3272025285397,22.7544434799799,0.991612468608407,0.198983117805803,35.7277584050662,6.18910174308249,16.5653417368974,0.522682871359392,0.468929597249015,9.36752906366202,19.5548853366627,11.404788128215,25.5091932785742,23.5521343670153,635.68260502391,1231.80692188269
R236EA,39,390.677796064299,2177.97202012937,38.8528359736314,2528882.6290353,40.4561072043554,22.5689463345259,0.973556811419195,0.203955874376126,35.7974337753233,6.21902181113331,16.3499245233926,0.510612805769467,0.462944005649728,9.23349282766749,19.5430734307826,11.6795409459054,25.4661982599992,23.537822449199,624.580959024334,1215.74755810497
R236EA,40,389.809810262596,2129.5630432064,38.6198064108439,2489609.20503713,40.5208563855574,22.4465727732431,0.959120207330382,0.202602578060292,35.8708480558088,6.1883433231264,16.2582294501167,0.505005299507414,0.454114907822967,9.16466398056123,19.5783159545736,11.7778764504226,25.3165569764274,23.4723009038403,618.721627038418,1197.25662517367
R245FA,0,423.15,4379.62469697552,46.2087289022259,4021307.46139115,38.9733340262163,27.2509646603585,1.16160751428662,0.171141351715352,32.4429524474232,7.45021766540303,19.8007469949555,0.519281637153772,0.642325877132844,10.356810504545,19.2640367144755,9.35248680719585,31.2790565484957,26.4266795641049,674.529238028915,1666.72928657332
R245FA,1,423.15,4379.62469697552,46.2087289022259,4021307.46139115,38.9733340262163,27.2509646603585,1.16160751428662,0.171141351715352,32.4429524474232,7.45021766540303,19.8007469949555,0.519281637153772,0.642325877132844,10.356810504545,19.2640367144755,9.35248680719585,31.2790565484957,26.4266795641049,674.529238028915,1666.72928657332
R245FA,2,423.15,4379.62469697552,46.2087289022259,4021307.46139115,38.9733340262163,27.2509646603585,1.16160751428662,0.171141351715352,32.4429524474232,7.45021766540303,19.8007469949555,0.519281637153772,0.642325877132844,10.356810504545,19.2640367144755,9.35248680719585,31.2790565484957,26.4266795641049,674.529238028915,1666.72928657332
R245FA,3,423.15,4379.62469697552,46.2087289022259,4021307.46139115,38.9733340262163,27.2509646603585,1.16160751428662,0.171141351715352,32.4429524474232,7.45021766540303,19.8007469949555,0.519281637153772,0.642325877132844,10.356810504545,19.2640367144755,9.35248680719585,31.2790565484957,26.4266795641049,674.529238028915,1666.72928657332
R245FA,4,423.15,4379.62469697552,46.2087289022259,4021307.46139115,38.9733340262163,27.2509646603585,1.16160751428662,0.171141351715352,32.4429524474232,7.45021766540303,19.8007469949555,0.519281637153772,0.642325877132844,10.356810504545,19.2640367144755,9.35248680719585,31.2790565484957,26.4266795641049,674.529238028915,1666.72928657332
R245FA,5,423.15,4379.62469697552,46.2087289022259,4021307.46139115,38.9733340262163,27.2509646603585,1.16160751428662,0.171141351715352,32.4429524474232,7.45021766540303,19.8007469949555,0.519281637153772,0.642325877132844,10.356810504545,19.2640367144755,9.35248680719585,31.2790565484957,26.4266795641049,674.529238028915,1666.72928657332
R245FA,6,423.15,4379.62469697552,46.2087289022259,4021307.46139115,38.9733340262163,27.2509646603585,1.16160751428662,0.171141351715352,32.4429524474232,7.45021766540303,19.8007469949555,0.519281637153772,0.642325877132844,10.356810504545,19.2640367144755,9.35248680719585,31.2790565484957,26.4266795641049,674.529238028915,1666.72928657332
R245FA,7,423.15,4379.62469697552,46.2087289022259,4021307.46139115,38.9733340262163,27.2509646603585,1.16160751428662,0.171141351715352,32.4429524474232,7.45021766540303,19.8007469949555,0.519281637153772,0.642325877132844,10.356810504545,19.2640367144755,9.35248680719585,31.2790565484957,26.4266795641049,674.529238028915,1666.72928657332
R245FA,8,423.15,4379.62469697552,46.2087289022259,4021307.46139115,38.9733340262163,27.2509646603585,1.16160751428662,0.171141351715352,32.4429524474232,7.45021766540303,19.8007469949555,0.519281637153772,0.642325877132844,10.356810504545,19.2640367144755,9.35248680719585,31.2790565484957,26.4266795641049,674.529238028915,1666.72928657332
R245FA,9,423.15,4379.62469697552,46.2087289022259,4021307.46139115,38.9733340262163,27.2509646603585,1.16160751428662,0.171141351715352,32.4429524474232,7.45021766540303,19.8007469949555,0.519281637153772,0.642325877132844,10.356810504545,19.2640367144755,9.35248680719585,31.2790565484957,26.4266795641049,674.529238028915,1666.72928657332
R245FA,10,423.15,4379.62469697552,46.2087289022259,4021307.46139115,38.9733340262163,27.2509646603585,1.16160751428662,0.171141351715352,32.4429524474232,7.45021766540303,19.8007469949555,0.519281637153772,0.642325877132844,10.356810504545,19.2640367144755,9.35248680719585,31.2790565484957,26.4266795641049,674.529238028915,1666.72928657332
R245FA,11,423.15,4379.62469697552,46.2087289022259,4021307.46139115,38.9733340262163,27.2509646603585,1.16160751428662,0.171141351715352,32.4429524474232,7.45021766540303,19.8007469949555,0.519281637153772,0.642325877132844,10.356810504545,19.2640367144755,9.35248680719585,31.2790565484957,26.4266795641049,674.529238028915,1666.72928657332
R245FA,12,423.15,4379.62469697552,46.2087289022259,4021307.46139115,38.9733340262163,27.2509646603585,1.16160751428662,0.171141351715352,32.4429524474232,7.45021766540303,19.8007469949555,0.519281637153772,0.642325877132844,10.356810504545,19.2640367144755,9.35248680719585,31.2790565484957,26.4266795641049,674.529238028915,1666.72928657332
R245FA,13,423.15,4379.62469697552,46.2087289022259,4021307.46139115,38.9733340262163,27.2509646603585,1.16160751428662,0.171141351715352,32.4429524474232,7.45021766540303,19.8007469949555,0.519281637153772,0.642325877132844,10.356810504545,19.2640367144755,9.35248680719585,31.2790565484957,26.4266795641049,674.529238028915,1666.72928657332
R245FA,14,423.15,4379.62469697552,46.2087289022259,4021307.46139115,38.9733340262163,27.2509646603585,1.16160751428662,0.171141351715352,32.4429524474232,7.45021766540303,19.8007469949555,0.519281637153772,0.642325877132844,10.356810504545,19.2640367144755,9.35248680719585,31.2790565484957,26.4266795641049,674.529238028915,1666.72928657332
R245FA,15,423.15,4379.62469697552,46.2087289022259,4021307.46139115,38.9733340262163,27.2509646603585,1.16160751428662,0.171141351715352,32.4429524474232,7.45021766540303,19.8007469949555,0.519281637153772,0.642325877132844,10.356810504545,19.2640367144755,9.35248680719585,31.2790565484957,26.4266795641049,674.529238028915,1666.72928657332
R245FA,16,423.15,4379.62469697552,46.2087289022259,4021307.46139115,38.9733340262163,27.2509646603585,1.16160751428662,0.171141351715352,32.4429524474232,7.45021766540303,19.8007469949555,0.519281637153772,0.642325877132844,10.356810504545,19.2640367144755,9.35248680719585,31.2790565484957,26.4266795641049,674.529238028915,1666.72928657332
R245FA,17,423.15,4379.62469697552,46.2087289022259,4021307.46139115,38.9733340262163,27.2509646603585,1.16160751428662,0.171141351715352,32.4429524474232,7.45021766540303,19.8007469949555,0.519281637153772,0.642325877132844,10.356810504545,19.2640367144755,9.35248680719585,31.2790565484957,26.4266795641049,674.529238028915,1666.72928657332
R245FA,18,420.663681274013,4178.98346372678,45.6651411671864,3899180.49975718,39.3391687487188,26.8707357308716,1.10938545805662,0.171619255618278,32.5090908067347,7.359697352668,19.5110383782036,0.5027647248205,0.606620733236121,10.2317637232592,19.4637064802658,9.64369854519386,31.1009730215724,26.4268835515161,655.166729966731,1591.09327884354
R245FA,19,418.327947781502,3995.10622807197,45.1473317187858,3778350.03320947,39.6200037988496,26.5627907059323,1.0679710850459,0.171137157823407,32.5780972523488,7.22922698084764,19.3335637250846,0.492146610313799,0.575824474732106,10.155076405149,19.5097130463889,9.95521434731162,30.815278752627,26.5383175703758,641.917784223711,1532.92279401058
R245FA,20,416.14796566506,3828.24802634928,44.6662433136297,3671658.8956485,39.8978938556882,26.2452181012847,1.02672402212011,0.16994980643307,32.6602142144739,7.15623174970553,19.0889863515792,0.478631549184312,0.548092472935799,10.0322019345691,19.695332174222,10.1703597468971,30.5949344265765,26.4644470378774,625.920643985529,1470.64761499193
R245FA,21,414.106205453755,3675.75649333079,44.2137315965031,3572149.73067624,40.1367324865358,25.9547095892037,0.992026863315983,0.171025487303193,32.7455055736413,7.08968258044405,18.8650270087597,0.466449300087363,0.52557756322862,9.91195184083126,19.741600888378,10.4831797573265,30.3709236180295,26.5012718290635,611.407974408878,1423.48143886781
R245FA,22,412.187839467732,3535.77783261246,43.7866443215342,3491851.46356044,40.4411151016193,25.5957874480818,0.952038174152433,0.171687885372327,32.8393713907742,7.12799567518425,18.4677917728975,0.447052346593609,0.504985827558825,9.70002502054426,20.0846451810136,10.6564449000614,30.3027675592609,26.2421410270712,590.103415972926,1363.19730095919
R245FA,23,410.38022308203,3406.81085657693,43.3828271281063,3379307.02799782,40.4438993010234,25.5209407069015,0.935340212949713,0.164540731999978,32.9352790471254,6.88267645545329,18.6382642514482,0.452742425090246,0.482597787859467,9.76631368154816,19.8884514499825,10.7891341694928,29.7298914240838,26.3983413738302,593.293107188311,1333.66643396974
R245FA,24,408.672493551039,3287.42515675086,42.9982493255488,3304824.50044492,40.6640582861788,25.2332068064619,0.90480640914008,0.164975447900902,33.0329530503183,6.8855399715881,18.3476668348738,0.438549663370023,0.466256745770057,9.60150176344753,20.0738823638835,10.9886741588478,29.5942571950907,26.243992365828,577.383925223223,1289.4209856452
R245FA,25,407.055256013421,3176.33095555725,42.6282182509409,3227601.62855637,40.8098946741503,25.0123803414078,0.882734566867688,0.167537048612415,33.1274533689619,6.83289195871178,18.179488382696,0.429917539628917,0.452817027238771,9.49582915473054,19.958509201297,11.3555563181227,29.3704875110664,26.3451705302312,566.992794819449,1264.12137395383
R245FA,26,405.520335037963,3073.1663537046,42.2785768998985,3146866.92570696,40.8798294511937,24.8615335514831,0.863688828071827,0.164210743989494,33.2307374252619,6.73116570904173,18.1303678424414,0.426370458440638,0.437318369631189,9.4440446963837,19.9490039777496,11.4867807770604,29.0336276057182,26.3075380678522,561.551640950985,1233.3923588445
R245FA,27,404.06057606014,2976.66758064204,41.9415731063594,3084937.21766177,41.0518616915826,24.6124683274636,0.839296321358463,0.163985518417792,33.3323881411775,6.73904971082753,17.8734186166361,0.414505195011163,0.4247911263473,9.2926690699586,20.1196781663229,11.6395144553012,28.896020829562,26.1299715790463,548.408690516368,1197.35464596125
R245FA,28,402.669685232225,2886.03287288901,41.6140994506515,3012096.69716637,41.1048338415013,24.4785913243899,0.823077767329015,0.160559029527696,33.432938037252,6.64027090438454,17.8383204200054,0.411772711024221,0.411305056304794,9.24838863697149,20.1032664180291,11.7531787865007,28.5734993552693,26.0876166575369,543.989580710436,1170.95845241391
R245FA,29,401.342099162019,2801.27611965582,41.3037411779982,2949616.90405628,41.1964604208138,24.3038920291124,0.804280085437277,0.157245356681391,33.5381221079551,6.5990017516683,17.7048902774441,0.405210349345199,0.399069736092079,9.15438270166618,20.2495155863908,11.7925621327568,28.3398049749402,25.9029194586156,536.066748895386,1139.28251303446
R245FA,30,400.072878133339,2721.43523583537,41.0031521520459,2907303.92881734,41.4122153852335,24.0076847981583,0.780749698126868,0.160405890904665,33.6389442275767,6.67426267087531,17.333422127283,0.3896980105143,0.391051687612568,8.95042602499874,20.4244804785001,12.0373088817347,28.3412856748238,25.7125182058919,520.000784423822,1109.58125831789
R245FA,31,398.857617940752,2646.12799170596,40.712459459767,2833778.98569826,41.351636549048,23.9772451606146,0.772874381423377,0.155899207404141,33.7423447015099,6.5183495398422,17.4588956207724,0.39330143931418,0.379572942109197,8.97659441062274,20.2415400478548,12.1335020905704,27.9023561563297,25.7840632797519,521.664626455521,1094.83458343557
R245FA,32,397.692376603138,2574.97099027455,40.4311062598794,2779872.00705446,41.4193376316181,23.8231709105555,0.758554627750665,0.155160836441365,33.8437759936343,6.47910464263587,17.3440662679197,0.387871997362983,0.370682630387682,8.89260002539853,20.23175587618,12.2949817300396,27.690164123414,25.7218530998114,515.096759848542,1074.56478821748
R245FA,33,396.573613062677,2507.64889011027,40.1589862835047,2728271.51650696,41.4781206302614,23.6769209583302,0.745174895754613,0.154324218132,33.9454592975218,6.44170490878041,17.2352160495498,0.382753876759573,0.36242101899504,8.81086772792216,20.2234526584103,12.443800243929,27.4795039202007,25.6539744728387,508.900931201057,1055.44317911576
R245FA,34,395.498135608393,2443.86338708721,39.8957412274588,2678873.52662785,41.5300695465525,23.536907441158,0.732497891860658,0.153517197199218,34.0470079232296,6.40541461607531,17.1314928250827,0.377921519119114,0.354576372741544,8.73163918996583,20.2094663844434,12.5889639721433,27.2721299636963,25.5867008695019,503.045088587517,1037.37083725673
R245FA,35,394.463058243324,2383.43411939021,39.6424855041862,2638280.35792664,41.6319986041672,23.3484137309555,0.717139375189141,0.152648194601263,34.1498000950869,6.41679725602478,16.9316164749307,0.369733982330408,0.347405392858733,8.60879730753518,20.3519862120256,12.6712150846065,27.1547968640926,25.3945263723328,494.258141993773,1014.37154668845
R245FA,36,393.465763581708,2325.66832162692,39.391327296813,2601796.8986106,41.7524763041781,23.1452272174649,0.701648257414793,0.152549948306877,34.2480982726353,6.44259493612849,16.7026322813364,0.360696005032028,0.340952252382765,8.47702927502708,20.4965076775145,12.7789393516366,27.0684185621707,25.2078517232368,484.857925318415,992.558070612779
R245FA,37,392.503871146107,2270.86255863379,39.1504964592689,2549086.75614556,41.7139947216705,23.0934462464762,0.694036676673975,0.148362723020196,34.3501596321592,6.34666453704065,16.7467817094355,0.361381842937805,0.332654833736171,8.46521642185833,20.4635739680805,12.7852043317316,26.7525505755531,25.1429509432494,484.157528208486,977.432018963254
R245FA,38,391.575210155005,2218.36382502348,38.9118442967494,2507273.13980419,41.7525597085715,22.9697241303863,0.683775921932439,0.147498686289732,34.44644155282,6.31041144954659,16.6593126808397,0.357505032228922,0.326270889703517,8.3974225285806,20.4394416515127,12.9156955284781,26.5648249617229,25.079240441238,479.477114791239,963.043648049735
R245FA,39,390.677796064299,2168.43844076668,38.6827664815551,2466818.24614995,41.7798000794916,22.8544913959239,0.674165403411525,0.146613153013227,34.5449299681598,6.27753737107438,16.5769540248495,0.353834013215089,0.320331390196436,8.33002693597391,20.4173051588803,13.0324679846373,26.3747269469603,25.0098528307041,475.018779216055,949.337981435689
R245FA,40,389.809810262596,2120.69822455819,38.4590421727749,2421442.11214375,41.7458038602764,22.7955756800039,0.669144084882977,0.148164141718587,34.6413122331182,6.20152926438445,16.5940464156194,0.353670885633664,0.315473199249313,8.30655546291928,20.0934461640936,13.3458022332635,26.1067481849811,25.163078407362,473.656715978814,946.672239033318
R600A,0,423.15,4473.79434716652,47.2022980177482,4006291.60761459,34.3726459508636,29.6909568226383,2.7944430414178,0.0969691047194299,33.0449850803608,8.14186715205766,21.5490896705807,1.27710618572039,1.51733685569741,10.582959596795,16.6521088370621,7.13757751700656,26.5083929481631,23.8063127160615,1249.90777514579,2773.50743029232
R600A,1,423.15,4473.79434716652,47.2022980177482,4006291.60761459,34.3726459508636,29.6909568226383,2.7944430414178,0.0969691047194299,33.0449850803608,8.14186715205766,21.5490896705807,1.27710618572039,1.51733685569741,10.582959596795,16.6521088370621,7.13757751700656,26.5083929481631,23.8063127160615,1249.90777514579,2773.50743029232
R600A,2,423.15,4473.79434716652,47.2022980177482,4006291.60761459,34.3726459508636,29.6909568226383,2.7944430414178,0.0969691047194299,33.0449850803608,8.14186715205766,21.5490896705807,1.27710618572039,1.51733685569741,10.582959596795,16.6521088370621,7.13757751700656,26.5083929481631,23.8063127160615,1249.90777514579,2773.50743029232
R600A,3,423.15,4473.79434716652,47.2022980177482,4006291.60761459,34.3726459508636,29.6909568226383,2.7944430414178,0.0969691047194299,33.0449850803608,8.14186715205766,21.5490896705807,1.27710618572039,1.51733685569741,10.582959596795,16.6521088370621,7.13757751700656,26.5083929481631,23.8063127160615,1249.90777514579,2773.50743029232
R600A,4,423.15,4473.79434716652,47.2022980177482,4006291.60761459,34.3726459508636,29.6909568226383,2.7944430414178,0.0969691047194299,33.0449850803608,8.14186715205766,21.5490896705807,1.27710618572039,1.51733685569741,10.582959596795,16.6521088370621,7.13757751700656,26.5083929481631,23.8063127160615,1249.90777514579,2773.50743029232
R600A,5,423.15,4473.79434716652,47.2022980177482,4006291.60761459,34.3726459508636,29.6909568226383,2.7944430414178,0.0969691047194299,33.0449850803608,8.14186715205766,21.5490896705807,1.27710618572039,1.51733685569741,10.582959596795,16.6521088370621,7.13757751700656,26.5083929481631,23.8063127160615,1249.90777514579,2773.50743029232
R600A,6,423.15,4473.79434716652,47.2022980177482,4006291.60761459,34.3726459508636,29.6909568226383,2.7944430414178,0.0969691047194299,33.0449850803608,8.14186715205766,21.5490896705807,1.27710618572039,1.51733685569741,10.582959596795,16.6521088370621,7.13757751700656,26.5083929481631,23.8063127160615,1249.90777514579,2773.50743029232
R600A,7,423.15,4473.79434716652,47.2022980177482,4006291.60761459,34.3726459508636,29.6909568226383,2.7944430414178,0.0969691047194299,33.0449850803608,8.14186715205766,21.5490896705807,1.27710618572039,1.51733685569741,10.582959596795,16.6521088370621,7.13757751700656,26.5083929481631,23.8063127160615,1249.90777514579,2773.50743029232
R600A,8,423.15,4473.79434716652,47.2022980177482,4006291.60761459,34.3726459508636,29.6909568226383,2.7944430414178,0.0969691047194299,33.0449850803608,8.14186715205766,21.5490896705807,1.27710618572039,1.51733685569741,10.582959596795,16.6521088370621,7.13757751700656,26.5083929481631,23.8063127160615,1249.90777514579,2773.50743029232
R600A,9,423.15,4473.79434716652,47.2022980177482,4006291.60761459,34.3726459508636,29.6909568226383,2.7944430414178,0.0969691047194299,33.0449850803608,8.14186715205766,21.5490896705807,1.27710618572039,1.51733685569741,10.582959596795,16.6521088370621,7.13757751700656,26.5083929481631,23.8063127160615,1249.90777514579,2773.50743029232
R600A,10,423.15,4473.79434716652,47.2022980177482,4006291.60761459,34.3726459508636,29.6909568226383,2.7944430414178,0.0969691047194299,33.0449850803608,8.14186715205766,21.5490896705807,1.27710618572039,1.51733685569741,10.582959596795,16.6521088370621,7.13757751700656,26.5083929481631,23.8063127160615,1249.90777514579,2773.50743029232
R600A,11,423.15,4473.79434716652,47.2022980177482,4006291.60761459,34.3726459508636,29.6909568226383,2.7944430414178,0.0969691047194299,33.0449850803608,8.14186715205766,21.5490896705807,1.27710618572039,1.51733685569741,10.582959596795,16.6521088370621,7.13757751700656,26.5083929481631,23.8063127160615,1249.90777514579,2773.50743029232
R600A,12,423.15,4473.79434716652,47.2022980177482,4006291.60761459,34.3726459508636,29.6909568226383,2.7944430414178,0.0969691047194299,33.0449850803608,8.14186715205766,21.5490896705807,1.27710618572039,1.51733685569741,10.582959596795,16.6521088370621,7.13757751700656,26.5083929481631,23.8063127160615,1249.90777514579,2773.50743029232
R600A,13,423.15,4473.79434716652,47.2022980177482,4006291.60761459,34.3726459508636,29.6909568226383,2.7944430414178,0.0969691047194299,33.0449850803608,8.14186715205766,21.5490896705807,1.27710618572039,1.51733685569741,10.582959596795,16.6521088370621,7.13757751700656,26.5083929481631,23.8063127160615,1249.90777514579,2773.50743029232
R600A,14,423.15,4473.79434716652,47.2022980177482,4006291.60761459,34.3726459508636,29.6909568226383,2.7944430414178,0.0969691047194299,33.0449850803608,8.14186715205766,21.5490896705807,1.27710618572039,1.51733685569741,10.582959596795,16.6521088370621,7.13757751700656,26.5083929481631,23.8063127160615,1249.90777514579,2773.50743029232
R600A,15,423.15,4473.79434716652,47.2022980177482,4006291.60761459,34.3726459508636,29.6909568226383,2.7944430414178,0.0969691047194299,33.0449850803608,8.14186715205766,21.5490896705807,1.27710618572039,1.51733685569741,10.582959596795,16.6521088370621,7.13757751700656,26.5083929481631,23.8063127160615,1249.90777514579,2773.50743029232
R600A,16,423.15,4473.79434716652,47.2022980177482,4006291.60761459,34.3726459508636,29.6909568226383,2.7944430414178,0.0969691047194299,33.0449850803608,8.14186715205766,21.5490896705807,1.27710618572039,1.51733685569741,10.582959596795,16.6521088370621,7.13757751700656,26.5083929481631,23.8063127160615,1249.90777514579,2773.50743029232
R600A,17,423.15,4473.79434716652,47.2022980177482,4006291.60761459,34.3726459508636,29.6909568226383,2.7944430414178,0.0969691047194299,33.0449850803608,8.14186715205766,21.5490896705807,1.27710618572039,1.51733685569741,10.582959596795,16.6521088370621,7.13757751700656,26.5083929481631,23.8063127160615,1249.90777514579,2773.50743029232
R600A,18,420.663681274013,4252.23384449932,46.4655724221944,3900959.62334802,35.3211832853572,28.9273286501739,2.60274585486971,0.108597422042053,33.0401447875571,7.93860302255661,20.9887256276173,1.21900790732245,1.38373794754726,10.5388187524458,17.256994752098,7.52536978081344,27.1027900658774,23.9290166679859,1209.98710379466,2605.50793835631
R600A,19,418.327947781502,4054.18779926853,45.814992386864,3802179.08059674,36.0962628788519,28.2769088069531,2.45063755338178,0.117992046837381,33.0581987139759,7.83195191866121,20.4449568882919,1.16326134999489,1.28737620338689,10.4221996125747,17.7671198712691,7.90694339500805,27.5047490685798,24.0058289782811,1170.06643244353,2472.615050922
R600A,20,416.14796566506,3876.5067417498,45.2293038857886,3701283.77927886,36.677086632648,27.7773168341664,2.33731258625369,0.123243065339094,33.0850408815928,7.68104770626847,20.0962691278979,1.12766423453879,1.2096483517149,10.3575847387167,18.058013827919,8.26148806601231,27.6417674214007,24.1500397910166,1143.45265154278,2373.42943228725
R600A,21,414.106205453755,3715.61804271038,44.6932051003892,3608031.61969674,37.1809661299801,27.3243190957465,2.23888263200049,0.127917706264103,33.1279144360088,7.57755181657277,19.7467672791737,1.09251823196549,1.14636440003501,10.2591787670986,18.3285652157362,8.59322214714529,27.7309935625572,24.237642453912,1116.83887064203,2286.38019059103
R600A,22,412.187839467732,3569.0095396258,44.1981817551844,3510147.79071477,37.5275217617806,27.0009348430541,2.16964756162847,0.130354329633334,33.1715415039034,7.39850178216097,19.6024330608932,1.07697988005194,1.09266768157654,10.2425891049018,18.3123593137705,8.97257334310834,27.6038409709951,24.5046849342805,1103.53198019165,2230.20975878608
R600A,23,410.38022308203,3434.42041511656,43.734411279864,3430858.86118417,37.9417903468637,26.5995774573334,2.08536405624735,0.132705172975427,33.2405629665801,7.3577871294724,19.241790327861,1.04188142009326,1.0434826361541,10.0995355687901,18.6885753527194,9.15367942535426,27.6604790438086,24.3742872659074,1076.9181992909,2146.27398825294
R600A,24,408.672493551039,3310.57163721033,43.300996335853,3345203.7893398,38.2112758110669,26.3219652272219,2.02792599795621,0.133901628029948,33.304931335725,7.22949840726959,19.0924668199524,1.02634426294373,1.00158173501248,10.0500765520594,18.7233570087335,9.43784225027396,27.5128401156056,24.4995314997329,1063.61130884052,2095.09364036687
R600A,25,407.055256013421,3195.79665693717,42.8894593427671,3265083.48062241,38.4598759914585,26.0571067377808,1.9730838535596,0.133973848927427,33.3759595682737,7.11804464647941,18.9390620913014,1.01066013763909,0.962423715920509,9.99058141126565,18.8234641430918,9.645830437101,27.3665170199031,24.5293117334912,1050.30441839015,2041.86607856537
R600A,26,405.520335037963,3089.30019740716,42.5005355813241,3203847.05602753,38.7947091006951,25.6995373716052,1.9085450764644,0.137725762991499,33.4594826882438,7.14664055657432,18.5528968150309,0.975164834789341,0.933380241675057,9.80291159438446,19.1009410119739,9.89085649433677,27.419361515429,24.4165026245113,1023.69063748939,1982.98334679001
R600A,27,404.06057606014,2990.12154102166,42.1311408856107,3125883.72270919,38.9380065224808,25.5198187192621,1.87006719001663,0.136033109328273,33.5360744589122,7.00139223846107,18.518426480801,0.970208443685064,0.899858746331564,9.78893950341921,19.0831902337712,10.0658767852903,27.1646952906567,24.4856208933229,1017.76692839045,1944.02349806529
R600A,28,402.669685232225,2897.51711943408,41.7796923592882,3060946.36442161,39.1321510268204,25.2836203962744,1.82716252598696,0.137536164892957,33.6195298860253,6.94715418323319,18.3364662130412,0.952901769956412,0.87426075603055,9.69353561788621,19.1252869298755,10.3133284790587,27.038636801104,24.5111849480375,1003.60735684062,1905.92950281091
R600A,29,401.342099162019,2810.55582418114,41.4405668594199,2999432.03903253,39.3092989026334,25.0601417300396,1.78955059703103,0.140492743074695,33.7005160272213,6.89548475977225,18.1646569702673,0.936761180449026,0.852789416582002,9.60097856736839,19.0536958287863,10.6546245064787,26.9084526049741,24.624444142653,990.347335580335,1878.11063576202
R600A,30,400.072878133339,2729.07753192479,41.1182966262627,2940430.67050798,39.4756483654821,24.8458289918949,1.74719884878518,0.137442054487567,33.7938817393502,6.84525883919362,18.0005701527013,0.921515501547283,0.825683347237898,9.50957839487156,19.3392302953737,10.6268396752369,26.7715305247343,24.3933409948254,977.896883914884,1826.52184056517
R600A,31,398.857617940752,2652.16060636038,40.8052752949512,2877237.25512423,39.5622079093263,24.7034352926935,1.7207145847096,0.137484304574177,33.8761579086965,6.73957694303764,17.9638583496558,0.9167543981781,0.803960186531498,9.47907779101867,19.2118494339583,10.8712806843493,26.5336324785179,24.5054678336205,972.376206258911,1803.98958219077
R600A,32,397.692376603138,2579.75033437392,40.5061495010904,2830941.61312464,39.7568788406714,24.4541142184215,1.68085481647197,0.139165195622188,33.968986928813,6.75518564431388,17.6989285741076,0.893902954674088,0.786951861797879,9.333275098228,19.3725703088072,11.0510334336362,26.4929889793766,24.3882134937766,955.12434451419,1766.99488119523
R600A,33,396.573613062677,2511.20866553321,40.2159946521587,2779799.92786215,39.8805771224951,24.2716886157086,1.65022966482711,0.139354044629247,34.05815055234,6.71293620552543,17.5587524101831,0.881247250405538,0.768982414421571,9.24824583823934,19.4115792178687,11.2207520663871,26.3507909987615,24.350156840745,944.675753819409,1737.93216031057
R600A,34,395.498135608393,2446.33856275727,39.936148137496,2726857.45059186,39.9653078948878,24.127098529644,1.62205024510738,0.135993357348859,34.149549973012,6.64017284138446,17.4869256882595,0.874101817475709,0.747948427631668,9.19633652399095,19.5600504401025,11.2089209307943,26.1526740131489,24.2026214258184,937.931289866254,1702.75726120595
R600A,35,394.463058243324,2384.91477268834,39.6671124810472,2683665.42822488,40.0995610495311,23.9299045425241,1.59094598592073,0.136048707325877,34.2435397146982,6.63416852449747,17.2957360180266,0.857886298784053,0.733059687136672,9.083560175835,19.6962309833642,11.3197698903319,26.0576850875145,24.0770785018565,925.393199663049,1671.76924821059
R600A,36,393.465763581708,2326.46102307761,39.4047537867396,2625122.53404684,40.0769804590077,23.883219885056,1.57723140275854,0.132804252130314,34.3297640010474,6.49216212291497,17.391057762141,0.863646610532765,0.713584792225776,9.10844168973413,19.5686767697064,11.3998619995671,25.7288194014487,24.1297285843839,927.030259491302,1654.26058967073
R600A,37,392.503871146107,2270.77996166037,39.1490724574054,2582024.99878505,40.1660902695564,23.7289250486152,1.55308866938221,0.132900364723012,34.4189956477232,6.45715002003924,17.2717750285759,0.85313420942083,0.699954459961381,9.03048108544743,19.5818078385485,11.5538013455604,25.5894628727988,24.08974225322,918.322383133858,1631.77082438602
R600A,38,391.575210155005,2217.84161826685,38.9026843799784,2540471.9487621,40.2437814443724,23.5829937346161,1.53051912654808,0.133142227353106,34.5095634671103,6.42489067868025,17.1581030559358,0.843151204368122,0.687367922179955,8.95337127745724,19.5790773111827,11.7113328557325,25.4476403107289,24.0558825478363,910.022636632978,1611.09417000643
R600A,39,390.677796064299,2167.22956574802,38.6612013639233,2500600.39944645,40.3206538865122,23.4390726070284,1.50865748484413,0.133128012345359,34.59848800927,6.39188610982592,17.0471864972024,0.833592371802151,0.675065113041983,8.87939505440735,19.5860476575437,11.8552111745612,25.3099077460627,24.0115549589562,902.101041287575,1590.65036048041
R600A,40,389.809810262596,2119.00946624252,38.4284163974855,2462069.60223206,40.3864347594997,23.3034921215684,1.48805902149189,0.13304352407578,34.6889705733642,6.36176308530818,16.9417290362602,0.824484116350378,0.663574905141516,8.80592630009587,19.5935624510037,11.9869460084002,25.1689151685908,23.9610237816617,894.530583805091,1571.11275674677
R600,0,423.15,4346.98900541446,45.8643948717499,4020274.55122013,38.4184489380283,27.4984657492502,1.61889845313282,0.180853035574226,32.2833338240145,7.43101749633686,20.0674482529133,0.781111783727024,0.837786669405796,10.2238027374512,18.8681752593387,9.32647094123834,30.8572025055306,26.8302721458478,896.684438936,1967.87892869067
R600,1,423.15,4346.98900541446,45.8643948717499,4020274.55122013,38.4184489380283,27.4984657492502,1.61889845313282,0.180853035574226,32.2833338240145,7.43101749633686,20.0674482529133,0.781111783727024,0.837786669405796,10.2238027374512,18.8681752593387,9.32647094123834,30.8572025055306,26.8302721458478,896.684438936,1967.87892869067
R600,2,423.15,4346.98900541446,45.8643948717499,4020274.55122013,38.4184489380283,27.4984657492502,1.61889845313282,0.180853035574226,32.2833338240145,7.43101749633686,20.0674482529133,0.781111783727024,0.837786669405796,10.2238027374512,18.8681752593387,9.32647094123834,30.8572025055306,26.8302721458478,896.684438936,1967.87892869067
R600,3,423.15,4346.98900541446,45.8643948717499,4020274.55122013,38.4184489380283,27.4984657492502,1.61889845313282,0.180853035574226,32.2833338240145,7.43101749633686,20.0674482529133,0.781111783727024,0.837786669405796,10.2238027374512,18.8681752593387,9.32647094123834,30.8572025055306,26.8302721458478,896.684438936,1967.87892869067
R600,4,423.15,4346.98900541446,45.8643948717499,4020274.55122013,38.4184489380283,27.4984657492502,1.61889845313282,0.180853035574226,32.2833338240145,7.43101749633686,20.0674482529133,0.781111783727024,0.837786669405796,10.2238027374512,18.8681752593387,9.32647094123834,30.8572025055306,26.8302721458478,896.684438936,1967.87892869067
R600,5,423.15,4346.98900541446,45.8643948717499,4020274.55122013,38.4184489380283,27.4984657492502,1.61889845313282,0.180853035574226,32.2833338240145,7.43101749633686,20.0674482529133,0.781111783727024,0.837786669405796,10.2238027374512,18.8681752593387,9.32647094123834,30.8572025055306,26.8302721458478,896.684438936,1967.87892869067
R600,6,423.15,4346.98900541446,45.8643948717499,4020274.55122013,38.4184489380283,27.4984657492502,1.61889845313282,0.180853035574226,32.2833338240145,7.43101749633686,20.0674482529133,0.781111783727024,0.837786669405796,10.2238027374512,18.8681752593387,9.32647094123834,30.8572025055306,26.8302721458478,896.684438936,1967.87892869067
R600,7,423.15,4346.98900541446,45.8643948717499,4020274.55122013,38.4184489380283,27.4984657492502,1.61889845313282,0.180853035574226,32.2833338240145,7.43101749633686,20.0674482529133,0.781111783727024,0.837786669405796,10.2238027374512,18.8681752593387,9.32647094123834,30.8572025055306,26.8302721458478,896.684438936,1967.87892869067
R600,8,423.15,4346.98900541446,45.8643948717499,4020274.55122013,38.4184489380283,27.4984657492502,1.61889845313282,0.180853035574226,32.2833338240145,7.43101749633686,20.0674482529133,0.781111783727024,0.837786669405796,10.2238027374512,18.8681752593387,9.32647094123834,30.8572025055306,26.8302721458478,896.684438936,1967.87892869067
R600,9,423.15,4346.98900541446,45.8643948717499,4020274.55122013,38.4184489380283,27.4984657492502,1.61889845313282,0.180853035574226,32.2833338240145,7.43101749633686,20.0674482529133,0.781111783727024,0.837786669405796,10.2238027374512,18.8681752593387,9.32647094123834,30.8572025055306,26.8302721458478,896.684438936,1967.87892869067
R600,10,423.15,4346.98900541446,45.8643948717499,4020274.55122013,38.4184489380283,27.4984657492502,1.61889845313282,0.180853035574226,32.2833338240145,7.43101749633686,20.0674482529133,0.781111783727024,0.837786669405796,10.2238027374512,18.8681752593387,9.32647094123834,30.8572025055306,26.8302721458478,896.684438936,1967.87892869067
R600,11,423.15,4346.98900541446,45.8643948717499,4020274.55122013,38.4184489380283,27.4984657492502,1.61889845313282,0.180853035574226,32.2833338240145,7.43101749633686,20.0674482529133,0.781111783727024,0.837786669405796,10.2238027374512,18.8681752593387,9.32647094123834,30.8572025055306,26.8302721458478,896.684438936,1967.87892869067
R600,12,423.15,4346.98900541446,45.8643948717499,4020274.55122013,38.4184489380283,27.4984657492502,1.61889845313282,0.180853035574226,32.2833338240145,7.43101749633686,20.0674482529133,0.781111783727024,0.837786669405796,10.2238027374512,18.8681752593387,9.32647094123834,30.8572025055306,26.8302721458478,896.684438936,1967.87892869067
R600,13,423.15,4346.98900541446,45.8643948717499,4020274.55122013,38.4184489380283,27.4984657492502,1.61889845313282,0.180853035574226,32.2833338240145,7.43101749633686,20.0674482529133,0.781111783727024,0.837786669405796,10.2238027374512,18.8681752593387,9.32647094123834,30.8572025055306,26.8302721458478,896.684438936,1967.87892869067
R600,14,423.15,4346.98900541446,45.8643948717499,4020274.55122013,38.4184489380283,27.4984657492502,1.61889845313282,0.180853035574226,32.2833338240145,7.43101749633686,20.0674482529133,0.781111783727024,0.837786669405796,10.2238027374512,18.8681752593387,9.32647094123834,30.8572025055306,26.8302721458478,896.684438936,1967.87892869067
R600,15,423.15,4346.98900541446,45.8643948717499,4020274.55122013,38.4184489380283,27.4984657492502,1.61889845313282,0.180853035574226,32.2833338240145,7.43101749633686,20.0674482529133,0.781111783727024,0.837786669405796,10.2238027374512,18.8681752593387,9.32647094123834,30.8572025055306,26.8302721458478,896.684438936,1967.87892869067
R600,16,423.15,4346.98900541446,45.8643948717499,4020274.55122013,38.4184489380283,27.4984657492502,1.61889845313282,0.180853035574226,32.2833338240145,7.43101749633686,20.0674482529133,0.781111783727024,0.837786669405796,10.2238027374512,18.8681752593387,9.32647094123834,30.8572025055306,26.8302721458478,896.684438936,1967.87892869067
R600,17,423.15,4346.98900541446,45.8643948717499,4020274.55122013,38.4184489380283,27.4984657492502,1.61889845313282,0.180853035574226,32.2833338240145,7.43101749633686,20.0674482529133,0.781111783727024,0.837786669405796,10.2238027374512,18.8681752593387,9.32647094123834,30.8572025055306,26.8302721458478,896.684438936,1967.87892869067
R600,18,420.663681274013,4147.92249385492,45.3257276264774,3925877.61395846,39.0131467529733,26.9226625313085,1.52992497802812,0.187534876825097,32.3467308608651,7.56776016212181,19.3549023691867,0.73015979410818,0.799765183919944,9.8942660376843,19.4743039874587,9.64457672783031,31.1042614427474,26.497485722658,850.867510686875,1863.15767266636
R600,19,418.327947781502,3965.90300720875,44.8173160885869,3786576.81151506,39.1793513621683,26.731861033546,1.48978913082689,0.180656641878757,32.4183418315801,7.29398724382345,19.4378737897225,0.732942826147513,0.756846304679374,9.94965427835852,19.354690847129,9.87500623668072,30.5873728713807,26.7150191874338,849.72130755179,1810.98229922631
R600,20,416.14796566506,3800.39340420886,44.3412483495182,3679972.78541086,39.4786648074296,26.4067813293773,1.437256034414,0.179240611643964,32.4980572171351,7.22252054998445,19.1842607793929,0.713905610593914,0.723350423820087,9.82764314632188,19.5448951691596,10.1061264919482,30.3941650046173,26.6389417438941,830.798071306748,1745.95123696621
R600,21,414.106205453755,3649.1727915246,43.893970301479,3580534.39870621,39.7352137706011,26.1098600494165,1.39262129860159,0.180116724475133,32.5821881569057,7.15833054196001,18.9515295074564,0.696699852004057,0.695921446597532,9.70735352597837,19.6041712538393,10.4236889907835,30.1916654084931,26.6641696133323,813.590471992544,1695.91001984292
R600,22,412.187839467732,3510.23894908038,43.4703738818946,3487546.09452281,39.9676054088973,25.8321867274391,1.34979868244202,0.177560506732763,32.6728486744889,7.09731008913396,18.7348766383051,0.680968935769747,0.668829746672272,9.59139725126297,19.7852174268441,10.5909907307902,29.9772104243855,26.5343531484223,797.85990156318,1640.81240456214
R600,23,410.38022308203,3382.19864642384,43.0694116485675,3400331.80021815,40.1682674466959,25.5753049702886,1.31320786443118,0.177697985973318,32.765521732611,7.04156005594659,18.533744914342,0.666590451874328,0.646617412556854,9.47789370468859,19.8271127848084,10.8632609571989,29.7620981164224,26.5215630955101,783.41197897021,1599.13652196492
R600,24,408.672493551039,3263.86478764178,42.6900888118185,3318123.70028016,40.3459227318609,25.3368011779547,1.27775841918891,0.174544337055409,32.8649733339401,6.9904079780888,18.3463931998659,0.653339016864241,0.624419402324672,9.36713703261002,20.0001460460128,10.978639653238,29.5330369119296,26.3580354493295,770.086337987286,1551.99969382132
R600,25,407.055256013421,3153.67211500378,42.3241233647527,3241062.69367867,40.5043442720157,25.1102189113019,1.24900513317073,0.177219946894384,32.9592117366173,6.93994382519328,18.1702750861087,0.641098289710893,0.607906843459839,9.26095235378255,19.8908498878034,11.3525420304297,29.3221973811227,26.4535993146165,757.749242789851,1525.11084987996
R600,26,405.520335037963,3051.27507234064,41.9774112238304,3167899.53553935,40.6516339199011,24.8970180433383,1.21676718205076,0.170770031035205,33.0638108236747,6.89316571728481,18.0038523260535,0.62969037549606,0.587076806554699,9.15809381235893,20.1930178811559,11.3005222263862,29.0885882899488,26.1444390909796,746.288114502348,1475.77400181568
R600,27,404.06057606014,2955.53595639382,41.6438262000449,3090192.37988405,40.7038859781469,24.7618434646949,1.19865486013815,0.172481039293515,33.1631346577265,6.78816847812327,17.9736749865716,0.626174712767202,0.572480147370946,9.11510556927555,19.9104159253057,11.6783644835657,28.7643626751498,26.3497887028309,741.033382037644,1461.24138449385
R600,28,402.669685232225,2865.7858631275,41.3221550706313,3033426.95504873,40.8988523197037,24.503201268507,1.16438892576298,0.166550609616206,33.2670068764101,6.80457235144984,17.6986289170572,0.60917038836135,0.555218537401632,8.96258103058275,20.3709376006693,11.5653336884517,28.6480069353302,25.9053918873383,725.625363389943,1409.49135324587
R600,29,401.342099162019,2781.71672460642,41.0153454054253,2962617.79304695,40.9276842138405,24.3884502924062,1.14773512660762,0.165299517051488,33.3708308500942,6.70569147715802,17.6827588152482,0.606668757748068,0.54106636885955,8.92411261694161,20.2203335196093,11.7832380772896,28.3258263238929,25.9701326965187,721.399769288189,1390.602342005
R600,30,400.072878133339,2702.52763624188,40.7182762994983,2895854.74973679,40.9544489134294,24.2753449527587,1.13184521393254,0.16431849843875,33.4740424214406,6.61556458183071,17.659780370928,0.603841675118398,0.528003538814144,8.88194914460946,20.0708113499525,12.0016884188675,28.0177032225021,26.0267473176999,717.016962964131,1372.89650216234
R600,31,398.857617940752,2627.62818831109,40.4278275379219,2847484.62120596,41.1100225036811,24.047079176277,1.10617948656515,0.163671556440573,33.5730472770362,6.62722997634871,17.4198491999283,0.589464483107697,0.516715003457452,8.7460424342782,20.2320147814389,12.131965287964,27.9143374621354,25.8359796943568,704.078697180884,1342.19950191866
R600,32,397.692376603138,2557.08891871207,40.1503295294929,2786226.34342973,41.1234924564233,23.9478246097553,1.09098270333991,0.159885005809237,33.6778152246722,6.54067060636382,17.4071540033915,0.58737127993424,0.503611423405672,8.70873434942639,20.2220343043648,12.1927238026321,27.6091552774211,25.7621713527085,700.468028220724,1320.05527653852
R600,33,396.573613062677,2490.43298350572,39.8832804779923,2750445.69500375,41.3196764089877,23.6749280472262,1.06434327920993,0.162236036734571,33.7788162278416,6.61342849843215,17.061499548794,0.567940137829239,0.496403141380691,8.52397653040962,20.3981994340272,12.3975004445509,27.6084232437597,25.5602395021594,684.032095176784,1292.44911982546
R600,34,395.498135608393,2427.15741331953,39.6230184517466,2693154.28500807,41.3107865542956,23.5943604191271,1.05295394633615,0.160870822553493,33.8810282576876,6.52371323145177,17.0706471876754,0.567147692736106,0.485806253600046,8.4964640491986,20.2360023300768,12.5783201750203,27.3068291372768,25.6056758522546,681.569532873417,1279.29880652856
R600,35,394.463058243324,2366.94200302813,39.3681802576102,2646260.10893674,41.3702208926034,23.4520983970885,1.03690532727426,0.159903251549711,33.9808721314841,6.48876737882979,16.9633310182587,0.560447036818907,0.476458290455353,8.41959026365218,20.2292931105986,12.7213375183527,27.1156591474707,25.5298681459375,674.839868600811,1260.49310780484
R600,36,393.465763581708,2309.82341024212,39.1229519293783,2601103.16639588,41.4195345138278,23.3176963307088,1.02184314590725,0.158906465588406,34.0820195439677,6.45674603983376,16.860950290875,0.554094992286526,0.467748153620725,8.34397047344774,20.2238628806833,12.8517011596968,26.9233159321746,25.4496946696801,668.445526615272,1242.62444986808
R600,37,392.503871146107,2255.18275040915,38.8801708624833,2550849.73949222,41.4135419019973,23.2416070630674,1.00929296458562,0.15269334806098,34.1828647222887,6.37493678587674,16.8666702771907,0.553280824402409,0.456012140183214,8.31785038011368,20.3493912182921,12.7463003035915,26.6443265338951,25.2616322600039,666.208172590799,1219.55650633675
R600,38,391.575210155005,2203.42249540441,38.6497616369235,2509158.3651146,41.4472401491329,23.1187366548276,0.997066254253276,0.15429227246384,34.2826646693224,6.34626942680573,16.7724672280219,0.547469589318264,0.449596664935012,8.24502393415296,20.1954629631778,13.0067532518021,26.460957011754,25.2935904546456,660.32943851067,1209.41612104488
R600,39,390.677796064299,2153.86993993143,38.4228790412655,2469136.76743373,41.4869446370908,22.9965953999793,0.982723372378259,0.150815159929816,34.3829214306218,6.3164642681408,16.6801311318385,0.541859189866896,0.440864182511363,8.17578234449063,20.3318887456303,12.9792735469699,26.278478624881,25.1015147285319,654.719635740259,1188.15177024602
R600,40,389.809810262596,2106.45048946616,38.2006582884365,2430680.28106097,41.5221286311597,22.8777736243731,0.970222397390869,0.149867762510733,34.4800075845656,6.28657012109845,16.5912035032747,0.536502167651999,0.433720229738871,8.10869999603545,20.3197286831552,13.093699951969,26.1034378166368,25.0238770751095,649.359640419353,1173.49984017952
R601A,0,423.15,4240.85381434821,44.7445792230819,4101716.51998588,40.1167358459195,24.8574372487941,0.661381132692613,0.428136975817818,33.936308796776,7.07272515114785,17.7847120976462,0.308740544564845,0.352640588127768,9.4276499954886,20.4395522128163,10.2495336376146,33.4448355777962,27.8034625167747,374.823050745627,889.156294584298
R601A,1,423.15,4240.85381434821,44.7445792230819,4101716.51998588,40.1167358459195,24.8574372487941,0.661381132692613,0.428136975817818,33.936308796776,7.07272515114785,17.7847120976462,0.308740544564845,0.352640588127768,9.4276499954886,20.4395522128163,10.2495336376146,33.4448355777962,27.8034625167747,374.823050745627,889.156294584298
R601A,2,423.15,4240.85381434821,44.7445792230819,4101716.51998588,40.1167358459195,24.8574372487941,0.661381132692613,0.428136975817818,33.936308796776,7.07272515114785,17.7847120976462,0.308740544564845,0.352640588127768,9.4276499954886,20.4395522128163,10.2495336376146,33.4448355777962,27.8034625167747,374.823050745627,889.156294584298
R601A,3,423.15,4240.85381434821,44.7445792230819,4101716.51998588,40.1167358459195,24.8574372487941,0.661381132692613,0.428136975817818,33.936308796776,7.07272515114785,17.7847120976462,0.308740544564845,0.352640588127768,9.4276499954886,20.4395522128163,10.2495336376146,33.4448355777962,27.8034625167747,374.823050745627,889.156294584298
R601A,4,423.15,4240.85381434821,44.7445792230819,4101716.51998588,40.1167358459195,24.8574372487941,0.661381132692613,0.428136975817818,33.936308796776,7.07272515114785,17.7847120976462,0.308740544564845,0.352640588127768,9.4276499954886,20.4395522128163,10.2495336376146,33.4448355777962,27.8034625167747,374.823050745627,889.156294584298
R601A,5,423.15,4240.85381434821,44.7445792230819,4101716.51998588,40.1167358459195,24.8574372487941,0.661381132692613,0.428136975817818,33.936308796776,7.07272515114785,17.7847120976462,0.308740544564845,0.352640588127768,9.4276499954886,20.4395522128163,10.2495336376146,33.4448355777962,27.8034625167747,374.823050745627,889.156294584298
R601A,6,423.15,4240.85381434821,44.7445792230819,4101716.51998588,40.1167358459195,24.8574372487941,0.661381132692613,0.428136975817818,33.936308796776,7.07272515114785,17.7847120976462,0.308740544564845,0.352640588127768,9.4276499954886,20.4395522128163,10.2495336376146,33.4448355777962,27.8034625167747,374.823050745627,889.156294584298
R601A,7,423.15,4240.85381434821,44.7445792230819,4101716.51998588,40.1167358459195,24.8574372487941,0.661381132692613,0.428136975817818,33.936308796776,7.07272515114785,17.7847120976462,0.308740544564845,0.352640588127768,9.4276499954886,20.4395522128163,10.2495336376146,33.4448355777962,27.8034625167747,374.823050745627,889.156294584298
R601A,8,423.15,4240.85381434821,44.7445792230819,4101716.51998588,40.1167358459195,24.8574372487941,0.661381132692613,0.428136975817818,33.936308796776,7.07272515114785,17.7847120976462,0.308740544564845,0.352640588127768,9.4276499954886,20.4395522128163,10.2495336376146,33.4448355777962,27.8034625167747,374.823050745627,889.156294584298
R601A,9,423.15,4240.85381434821,44.7445792230819,4101716.51998588,40.1167358459195,24.8574372487941,0.661381132692613,0.428136975817818,33.936308796776,7.07272515114785,17.7847120976462,0.308740544564845,0.352640588127768,9.4276499954886,20.4395522128163,10.2495336376146,33.4448355777962,27.8034625167747,374.823050745627,889.156294584298
R601A,10,423.15,4240.85381434821,44.7445792230819,4101716.51998588,40.1167358459195,24.8574372487941,0.661381132692613,0.428136975817818,33.936308796776,7.07272515114785,17.7847120976462,0.308740544564845,0.352640588127768,9.4276499954886,20.4395522128163,10.2495336376146,33.4448355777962,27.8034625167747,374.823050745627,889.156294584298
R601A,11,423.15,4240.85381434821,44.7445792230819,4101716.51998588,40.1167358459195,24.8574372487941,0.661381132692613,0.428136975817818,33.936308796776,7.07272515114785,17.7847120976462,0.308740544564845,0.352640588127768,9.4276499954886,20.4395522128163,10.2495336376146,33.4448355777962,27.8034625167747,374.823050745627,889.156294584298
R601A,12,423.15,4240.85381434821,44.7445792230819,4101716.51998588,40.1167358459195,24.8574372487941,0.661381132692613,0.428136975817818,33.936308796776,7.07272515114785,17.7847120976462,0.308740544564845,0.352640588127768,9.4276499954886,20.4395522128163,10.2495336376146,33.4448355777962,27.8034625167747,374.823050745627,889.156294584298
R601A,13,423.15,4240.85381434821,44.7445792230819,4101716.51998588,40.1167358459195,24.8574372487941,0.661381132692613,0.428136975817818,33.936308796776,7.07272515114785,17.7847120976462,0.308740544564845,0.352640588127768,9.4276499954886,20.4395522128163,10.2495336376146,33.4448355777962,27.8034625167747,374.823050745627,889.156294584298
R601A,14,423.15,4240.85381434821,44.7445792230819,4101716.51998588,40.1167358459195,24.8574372487941,0.661381132692613,0.428136975817818,33.936308796776,7.07272515114785,17.7847120976462,0.308740544564845,0.352640588127768,9.4276499954886,20.4395522128163,10.2495336376146,33.4448355777962,27.8034625167747,374.823050745627,889.156294584298
R601A,15,423.15,4240.85381434821,44.7445792230819,4101716.51998588,40.1167358459195,24.8574372487941,0.661381132692613,0.428136975817818,33.936308796776,7.07272515114785,17.7847120976462,0.308740544564845,0.352640588127768,9.4276499954886,20.4395522128163,10.2495336376146,33.4448355777962,27.8034625167747,374.823050745627,889.156294584298
R601A,16,423.15,4240.85381434821,44.7445792230819,4101716.51998588,40.1167358459195,24.8574372487941,0.661381132692613,0.428136975817818,33.936308796776,7.07272515114785,17.7847120976462,0.308740544564845,0.352640588127768,9.4276499954886,20.4395522128163,10.2495336376146,33.4448355777962,27.8034625167747,374.823050745627,889.156294584298
R601A,17,423.15,4240.85381434821,44.7445792230819,4101716.51998588,40.1167358459195,24.8574372487941,0.661381132692613,0.428136975817818,33.936308796776,7.07272515114785,17.7847120976462,0.308740544564845,0.352640588127768,9.4276499954886,20.4395522128163,10.2495336376146,33.4448355777962,27.8034625167747,374.823050745627,889.156294584298
R601A,18,420.663681274013,4053.41397338538,44.2930016139904,3946407.29627145,40.1898896493027,24.7651833039335,0.64670904511115,0.410715052585732,33.9875029490669,6.85605972269955,17.9091235812339,0.310589446881312,0.336119598229837,9.46203067273822,20.2223875134634,10.5054714631011,32.7768568804173,28.002869278065,374.026215064398,865.433159555163
R601A,19,418.327947781502,3881.55138556094,43.8640872065131,3841044.55646482,40.522504631981,24.4607465833295,0.622472588048795,0.413337010430078,33.9809391862107,6.9133474222586,17.5473991610709,0.297341901912448,0.325130686136347,9.25094983042549,20.4007419833456,10.8708128182099,32.6313826228969,27.8471361252952,359.609249058999,832.766007897988
R601A,20,416.14796566506,3724.48550570308,43.455589781748,3724421.72703198,40.70139050254,24.2847143284657,0.60348117701311,0.389965567491767,34.0204484244894,6.84115564489536,17.4435586835703,0.292434188924046,0.311046988089065,9.16999253229944,20.6529839828827,10.8784139873578,32.2025720527212,27.5506664922591,353.042589793081,797.922447568984
R601A,21,414.106205453755,3580.50959351454,43.0680569927812,3608264.15093821,40.7711051354243,24.1612661403461,0.592159797259937,0.392736596882624,34.082732330087,6.72081536668522,17.4404507736609,0.290678571537769,0.301481225722168,9.12849006060505,20.3086645164876,11.3339505583317,31.7457840945893,27.8303473667655,349.450694515904,786.26256752562
R601A,22,412.187839467732,3448.10488958136,42.7009132165658,3514098.92317925,40.951909876707,23.9665472141745,0.57477652553341,0.377224134749684,34.1295422488355,6.70407640418225,17.2624708099922,0.283927568066903,0.290848957466508,9.00639706061586,20.568359888772,11.3771529273192,31.4368800834941,27.5145501269312,341.591872681232,756.385310693886
R601A,23,410.38022308203,3325.39244355371,42.3460331627436,3419189.66189608,41.0560742504442,23.8196149555542,0.562112598619417,0.371170487395986,34.1910277079862,6.63759450224329,17.1820204533109,0.280198849287983,0.281913749331434,8.93010417710061,20.5161234228633,11.6098466504802,31.0723178673716,27.486836844463,336.564929968494,738.150225023471
R601A,24,408.672493551039,3211.70115411947,42.0078086645997,3340631.83370145,41.2274243126235,23.6165561492499,0.547329513394002,0.366766952004363,34.2419230727282,6.64184152747036,16.9747146217796,0.273066555344951,0.274262958049052,8.79435394967768,20.6276398166839,11.8054305462619,30.8431952922837,27.3083443046077,328.739424663717,716.91261753448
R601A,25,407.055256013421,3105.77755681483,41.6813503955383,3256507.44452027,41.3042850475306,23.486072509597,0.536519034014665,0.360254592673965,34.3128688161838,6.57830341425365,16.9077690953433,0.270002150212267,0.266516883802398,8.72479443850555,20.5818001053495,11.9976905036755,30.4938479892011,27.2560222470907,324.558672601972,701.018932534371
R601A,26,405.520335037963,3007.08952304585,41.3695358507735,3184694.09958848,41.4282439339257,23.3151240100214,0.524291137821802,0.354904576837844,34.3774363413933,6.56726081113587,16.7478631988855,0.264534051863561,0.259757085958241,8.61198767861321,20.6597066242867,12.1565496310258,30.2436796735437,27.0922416768772,318.445875326527,683.120025773985
R601A,27,404.06057606014,2914.62039012927,41.0673213780645,3109396.40459981,41.4815713181033,23.1985835878911,0.515128190098453,0.349571133033202,34.455145770874,6.50669620021364,16.6918873876775,0.261973262384879,0.253154927713574,8.54769846675854,20.5904948924596,12.3433779588852,29.9114420968359,27.0487339723615,314.901733881099,669.945065183375
R601A,28,402.669685232225,2827.95459908738,40.7766609430702,3020641.4373763,41.3813071186157,23.2056149946289,0.510994397371089,0.337602788278725,34.5644807011056,6.34097667709023,16.8646383175386,0.265487237383533,0.245507159987556,8.58427850194971,20.3407708869526,12.4562577297134,29.3677257895013,27.1307379976045,316.468819655512,661.445736657163
R601A,29,401.342099162019,2746.34924470721,40.4938654893166,2979271.81202457,41.6389312773414,22.9222728973197,0.495888158075504,0.339410106990626,34.6034975602728,6.44761745318476,16.4746554441349,0.254365250739725,0.24152290733578,8.37403216412095,20.6196625674393,12.6452365457812,29.3810614257427,26.8112984329368,306.014065518886,642.044261617269
R601A,30,400.072878133339,2669.53201821647,40.2211399618659,2914586.88464962,41.6722925386308,22.8236009531375,0.487728222699389,0.32864663134205,34.6877316541902,6.39231702882479,16.4312839243127,0.252360833987358,0.235367388712031,8.31776194727434,20.6845216304203,12.6700089609362,29.0654516318801,26.6431488240498,303.177038792603,627.812091355656
R601A,31,398.857617940752,2597.0070778527,39.9567011517239,2861163.82417233,41.7605393199753,22.6706055329696,0.478999653526899,0.330281221518855,34.7595742720094,6.38416195323563,16.286443579734,0.24787143211153,0.231128221415369,8.21681272749304,20.6091294699508,12.9345971225314,28.8711291122834,26.5955681512681,298.383991132377,617.883813950432
R601A,32,397.692376603138,2528.56957907862,39.7025309113584,2802145.5106754,41.7775960949592,22.5825097635729,0.471847840760968,0.320080146419268,34.8479661542876,6.33151069297724,16.2509990705957,0.246181302874394,0.225666537886575,8.16421468595543,20.6697408393557,12.943640569648,28.5691870084325,26.4271981972255,295.926766838666,605.18756060235
R601A,33,396.573613062677,2463.37349574567,39.449933687666,2745730.67345019,41.7925619245584,22.4941275003417,0.465654523369652,0.315953343020899,34.9317027087094,6.2779027294878,16.2162247708539,0.244568063922699,0.221086459446953,8.11392896957855,20.5877016632487,13.0909312917311,28.2835649845097,26.3855572576879,293.606018140764,596.449437244165
R601A,34,395.498135608393,2401.60488891523,39.2058769262716,2675722.63558944,41.6625167941834,22.5289871988203,0.463181713140701,0.30104768823948,35.0442666056162,6.13213250689653,16.3968546919238,0.248248177197096,0.214933535943606,8.15397011801977,20.4854673908265,13.0230792853371,27.795103636851,26.3404346721253,295.522426101547,588.181724313693
R601A,35,394.463058243324,2343.10081282252,38.9716414863308,2640056.02657404,41.8040548681299,22.3326457153883,0.453709077698283,0.302901156229229,35.1066891825542,6.17653676855399,16.1561089468343,0.241660207787321,0.212048869910963,8.01680941744807,20.5565050698136,13.2307403808682,27.7259133783023,26.1792666545958,289.329076465941,577.295244307479
R601A,36,393.465763581708,2287.45011904877,38.7440012303863,2597781.48616428,41.8698298426439,22.2038868221629,0.445891558008801,0.294542788360816,35.1858489888235,6.174141512192,16.0297453099709,0.237960842941058,0.207930715067743,7.92879205272422,20.748430568106,13.1926072218137,27.543061929146,25.9164421512571,285.491879716407,564.282087159057
R601A,37,392.503871146107,2234.20819228604,38.5185618516643,2558165.92544927,41.9368481492993,22.0679728521212,0.439223773469398,0.296275554313632,35.2596796707964,6.17182355977201,15.8961492923492,0.234179176786967,0.205044596682431,7.839292393201,20.6749567788151,13.4225989772833,27.389466408617,25.8649165262164,281.659799954863,557.186355587256
R601A,38,391.575210155005,2183.59246468685,38.301927319136,2512040.55540131,41.9240179877786,21.9993799624582,0.4346115929199,0.292948182860407,35.3490422739828,6.1235217874709,15.8758581749873,0.233092152705549,0.201519440214351,7.79612876496073,20.5826995922383,13.5451896305796,27.1312434696524,25.8202222771362,279.961021046023,550.686679762131
R601A,39,390.677796064299,2134.94154245454,38.0852154185851,2467826.37369541,41.9240230816624,21.9311077197516,0.429057753887246,0.280054243872965,35.4357572008258,6.0758167740772,15.8552909456744,0.232038128134892,0.197019625752354,7.75694723006497,20.7711790701878,13.3958967814096,26.8750155009036,25.5686605872895,278.34149452481,539.027923226694
R601A,40,389.809810262596,2088.61525783792,37.8772148501346,2439846.46671647,42.0431873072477,21.7512850174256,0.421308892670844,0.282196446533854,35.5020223361219,6.11798827105577,15.6332967463699,0.226404662231202,0.194904230439642,7.63373305272569,20.8255039793437,13.5839502751783,26.8178442703153,25.4217352965026,273.236094082596,530.594129668683
R601,0,423.15,4233.90517589595,44.6712652355382,4073784.94409183,40.9187547576425,24.8961212768605,0.51102641061332,0.402093243104833,33.2720043117789,7.0654511319661,17.8306701448944,0.235123023407655,0.275903387205664,9.21846590457443,20.751200627915,10.9490882251531,34.1240849896472,28.7217361952045,296.795981882349,732.234026841601
R601,1,423.15,4233.90517589595,44.6712652355382,4073784.94409183,40.9187547576425,24.8961212768605,0.51102641061332,0.402093243104833,33.2720043117789,7.0654511319661,17.8306701448944,0.235123023407655,0.275903387205664,9.21846590457443,20.751200627915,10.9490882251531,34.1240849896472,28.7217361952045,296.795981882349,732.234026841601
R601,2,423.15,4233.90517589595,44.6712652355382,4073784.94409183,40.9187547576425,24.8961212768605,0.51102641061332,0.402093243104833,33.2720043117789,7.0654511319661,17.8306701448944,0.235123023407655,0.275903387205664,9.21846590457443,20.751200627915,10.9490882251531,34.1240849896472,28.7217361952045,296.795981882349,732.234026841601
R601,3,423.15,4233.90517589595,44.6712652355382,4073784.94409183,40.9187547576425,24.8961212768605,0.51102641061332,0.402093243104833,33.2720043117789,7.0654511319661,17.8306701448944,0.235123023407655,0.275903387205664,9.21846590457443,20.751200627915,10.9490882251531,34.1240849896472,28.7217361952045,296.795981882349,732.234026841601
R601,4,423.15,4233.90517589595,44.6712652355382,4073784.94409183,40.9187547576425,24.8961212768605,0.51102641061332,0.402093243104833,33.2720043117789,7.0654511319661,17.8306701448944,0.235123023407655,0.275903387205664,9.21846590457443,20.751200627915,10.9490882251531,34.1240849896472,28.7217361952045,296.795981882349,732.234026841601
R601,5,423.15,4233.90517589595,44.6712652355382,4073784.94409183,40.9187547576425,24.8961212768605,0.51102641061332,0.402093243104833,33.2720043117789,7.0654511319661,17.8306701448944,0.235123023407655,0.275903387205664,9.21846590457443,20.751200627915,10.9490882251531,34.1240849896472,28.7217361952045,296.795981882349,732.234026841601
R601,6,423.15,4233.90517589595,44.6712652355382,4073784.94409183,40.9187547576425,24.8961212768605,0.51102641061332,0.402093243104833,33.2720043117789,7.0654511319661,17.8306701448944,0.235123023407655,0.275903387205664,9.21846590457443,20.751200627915,10.9490882251531,34.1240849896472,28.7217361952045,296.795981882349,732.234026841601
R601,7,423.15,4233.90517589595,44.6712652355382,4073784.94409183,40.9187547576425,24.8961212768605,0.51102641061332,0.402093243104833,33.2720043117789,7.0654511319661,17.8306701448944,0.235123023407655,0.275903387205664,9.21846590457443,20.751200627915,10.9490882251531,34.1240849896472,28.7217361952045,296.795981882349,732.234026841601
R601,8,423.15,4233.90517589595,44.6712652355382,4073784.94409183,40.9187547576425,24.8961212768605,0.51102641061332,0.402093243104833,33.2720043117789,7.0654511319661,17.8306701448944,0.235123023407655,0.275903387205664,9.21846590457443,20.751200627915,10.9490882251531,34.1240849896472,28.7217361952045,296.795981882349,732.234026841601
R601,9,423.15,4233.90517589595,44.6712652355382,4073784.94409183,40.9187547576425,24.8961212768605,0.51102641061332,0.402093243104833,33.2720043117789,7.0654511319661,17.8306701448944,0.235123023407655,0.275903387205664,9.21846590457443,20.751200627915,10.9490882251531,34.1240849896472,28.7217361952045,296.795981882349,732.234026841601
R601,10,423.15,4233.90517589595,44.6712652355382,4073784.94409183,40.9187547576425,24.8961212768605,0.51102641061332,0.402093243104833,33.2720043117789,7.0654511319661,17.8306701448944,0.235123023407655,0.275903387205664,9.21846590457443,20.751200627915,10.9490882251531,34.1240849896472,28.7217361952045,296.795981882349,732.234026841601
R601,11,423.15,4233.90517589595,44.6712652355382,4073784.94409183,40.9187547576425,24.8961212768605,0.51102641061332,0.402093243104833,33.2720043117789,7.0654511319661,17.8306701448944,0.235123023407655,0.275903387205664,9.21846590457443,20.751200627915,10.9490882251531,34.1240849896472,28.7217361952045,296.795981882349,732.234026841601
R601,12,423.15,4233.90517589595,44.6712652355382,4073784.94409183,40.9187547576425,24.8961212768605,0.51102641061332,0.402093243104833,33.2720043117789,7.0654511319661,17.8306701448944,0.235123023407655,0.275903387205664,9.21846590457443,20.751200627915,10.9490882251531,34.1240849896472,28.7217361952045,296.795981882349,732.234026841601
R601,13,423.15,4233.90517589595,44.6712652355382,4073784.94409183,40.9187547576425,24.8961212768605,0.51102641061332,0.402093243104833,33.2720043117789,7.0654511319661,17.8306701448944,0.235123023407655,0.275903387205664,9.21846590457443,20.751200627915,10.9490882251531,34.1240849896472,28.7217361952045,296.795981882349,732.234026841601
R601,14,423.15,4233.90517589595,44.6712652355382,4073784.94409183,40.9187547576425,24.8961212768605,0.51102641061332,0.402093243104833,33.2720043117789,7.0654511319661,17.8306701448944,0.235123023407655,0.275903387205664,9.21846590457443,20.751200627915,10.9490882251531,34.1240849896472,28.7217361952045,296.795981882349,732.234026841601
R601,15,423.15,4233.90517589595,44.6712652355382,4073784.94409183,40.9187547576425,24.8961212768605,0.51102641061332,0.402093243104833,33.2720043117789,7.0654511319661,17.8306701448944,0.235123023407655,0.275903387205664,9.21846590457443,20.751200627915,10.9490882251531,34.1240849896472,28.7217361952045,296.795981882349,732.234026841601
R601,16,423.15,4233.90517589595,44.6712652355382,4073784.94409183,40.9187547576425,24.8961212768605,0.51102641061332,0.402093243104833,33.2720043117789,7.0654511319661,17.8306701448944,0.235123023407655,0.275903387205664,9.21846590457443,20.751200627915,10.9490882251531,34.1240849896472,28.7217361952045,296.795981882349,732.234026841601
R601,17,423.15,4233.90517589595,44.6712652355382,4073784.94409183,40.9187547576425,24.8961212768605,0.51102641061332,0.402093243104833,33.2720043117789,7.0654511319661,17.8306701448944,0.235123023407655,0.275903387205664,9.21846590457443,20.751200627915,10.9490882251531,34.1240849896472,28.7217361952045,296.795981882349,732.234026841601
R601,18,420.663681274013,4047.481499813,44.2281755036445,3923996.66848741,40.9838024368935,24.783795760988,0.498841762809489,0.390491854732686,33.3430681845763,6.89314781611744,17.8906479448706,0.2348843626597,0.263957400149789,9.20649099164976,20.5296037408225,11.2477077044212,33.4822600489391,28.8767168861583,294.53094647716,712.46275424594
R601,19,418.327947781502,3876.31910217804,43.8049589580888,3808590.4483585,41.2109596580664,24.5454152322747,0.481139883092637,0.377965350528829,33.3845198760374,6.88198584634945,17.6634293859253,0.227846751128413,0.253293131964224,9.05919181100327,20.7502522818429,11.4015155652203,33.1396180770752,28.5920389067338,285.86043191096,681.809493886191
R601,20,416.14796566506,3719.96321988789,43.4028258236229,3689809.43559981,41.3183953543412,24.3883622547842,0.468761629033939,0.370413897235142,33.4540668646055,6.79547025781973,17.5928919969645,0.22474401310435,0.244017615929589,8.98265133597282,20.6689563135086,11.6667877048598,32.6749207127694,28.5822641641503,281.146829947882,662.277648070588
R601,21,414.106205453755,3576.52523213926,43.0201312162098,3592174.37576788,41.5024845124042,24.1653932731701,0.454681315852366,0.366991669372264,33.510449229201,6.78991920212084,17.3754740710493,0.218451082150352,0.236230233702014,8.83913247326959,20.7274206185357,11.9359314205989,32.3814000228409,28.4380808605498,273.596241286813,641.043562596645
R601,22,412.187839467732,3444.43797769668,42.6555026240303,3496370.83139915,41.6380861061058,23.9849625528107,0.441871424772879,0.353935345781864,33.5811445705288,6.75713609060958,17.2278264622011,0.213943976768307,0.227927448004572,8.72910598608453,20.8954525708304,12.0135275491909,32.0215290171701,28.1710040617383,267.886449960757,618.055919574329
R601,23,410.38022308203,3322.21388597796,42.3055569462377,3399189.0919247,41.696995795622,23.8583732217269,0.432418900662963,0.345584979511358,33.6666271024768,6.67677366539322,17.1815995563336,0.21180101955002,0.220617881112943,8.66454490089022,20.8348615957857,12.1975892989461,31.5935699194269,28.1091391892755,264.487625574502,602.50742333912
R601,24,408.672493551039,3208.81887102596,41.9701095167341,3319158.5899609,41.8295633788622,23.6688567007883,0.421368117988529,0.341002083748517,33.7392097186125,6.66661535676078,17.0022413440275,0.206904509303249,0.21446360868528,8.54143612257861,20.8947231055897,12.3934041506939,31.3157285595937,27.9409214118128,258.688006182934,585.543703465381
R601,25,407.055256013421,3103.30753466426,41.648201254346,3232843.12468798,41.8677068393076,23.5589853440452,0.4129173817959,0.328913041539145,33.8314773933122,6.59129975270148,16.9676855913437,0.205202070417359,0.207715311378542,8.4837452207156,20.9291540818514,12.4548075367406,30.9034581393087,27.7810222119921,255.888276973473,569.878297946999
R601,26,405.520335037963,3004.94803150447,41.3400746357294,3159365.24988139,41.9494105142396,23.4035944835022,0.404297032114724,0.327307589450161,33.9153903806932,6.56635446628676,16.8372400172155,0.201560427665313,0.202736604449411,8.38215584763866,20.8719301827024,12.6953244838986,30.6129054900447,27.707038669539,251.430754822523,557.794523624093
R601,27,404.06057606014,2912.58495536463,41.0386418787011,3092070.86552462,42.048150934054,23.2386365845255,0.395391849380697,0.322715107031733,33.9951055250081,6.54997682329172,16.6886597612337,0.197686517920072,0.197705331460625,8.27743142122557,20.9137353285204,12.856984184308,30.3537782739729,27.5465453734861,246.880179689615,544.180271289684
R601,28,402.669685232225,2826.11538902949,40.7501411237781,3018550.16974148,42.0592240142768,23.1480858447452,0.388637832920145,0.311476497762451,34.0925758102955,6.47921639881788,16.6688694459273,0.196482122894981,0.192155710025164,8.22791199900334,20.9490931031595,12.8822189121139,29.9745103685733,27.3819299628414,244.754427454508,531.294832880896
R601,29,401.342099162019,2744.88849681864,40.4723273223747,2939362.82347082,41.988903684743,23.1273282616787,0.384637545566788,0.294662082745044,34.2044684252665,6.35475306110055,16.7725752005782,0.197673311502859,0.18696423406393,8.22803800881915,20.7684127667925,12.9924529091313,29.5021048641189,27.3971149622713,244.821896596218,523.561238851915
R601,30,400.072878133339,2668.14990388506,40.20031600711,2890695.53124517,42.1246878349609,22.9208420955704,0.375649448630564,0.302153980665718,34.2766666401723,6.39073969455744,16.530102401013,0.192249853635738,0.183399594994825,8.08774257452281,20.8631069787002,13.1738382817379,29.3675998663797,27.1916697405855,239.087676325574,511.203289144833
R601,31,398.857617940752,2595.74211313438,39.9372388184678,2827198.77445315,42.1139268997975,22.8428341005333,0.370669734010848,0.297806353497545,34.3747629121608,6.32323548086419,16.5195986196691,0.19135237189772,0.179317362113128,8.0433344966456,20.7397093648963,13.3308830382557,29.0272209323209,27.1594827064106,237.387988377759,503.532803459123
R601,32,397.692376603138,2527.32477845237,39.6829855780003,2783713.88549661,42.2459759842585,22.6473839398561,0.362175036309445,0.294070183486184,34.4503948560898,6.35826115534543,16.2891227845106,0.186304244157551,0.175870792151894,7.91031728504134,20.9207867075293,13.4148719916879,28.9020434109205,26.8854727803781,232.201480399324,490.697558414531
R601,33,396.573613062677,2462.47975211969,39.4356207437136,2725390.28116995,42.2281183559949,22.5794152827986,0.357341647312064,0.285002188731627,34.5501225251628,6.29348242391029,16.2859328588883,0.185629286396773,0.17171236091529,7.87121152416129,20.9363129777136,13.42059385412,28.570442540195,26.7409826216895,230.791165351517,481.348131726093
R601,34,395.498135608393,2400.91028823747,39.1945376635931,2669559.07389315,42.2028237916041,22.5136495718185,0.353276541834545,0.281291260176612,34.6489588345663,6.22920246185201,16.2844471099665,0.185007977254361,0.168268564580184,7.83259560509267,20.805621494569,13.5646066919424,28.254529264997,26.7137126496481,229.457693349002,475.160258805332
R601,35,394.463058243324,2342.41667810486,38.9602626106122,2623038.8176519,42.2372578138446,22.3995116719502,0.347828689835091,0.277221645105068,34.738180179265,6.2073030767304,16.1922085952198,0.182735342892395,0.165093346942696,7.75889582602088,20.8222613619455,13.6561006258783,28.0302616112653,26.5725436631875,226.780745370302,466.754729440977
R601,36,393.465763581708,2286.74064286727,38.7319843799116,2580729.27009215,42.2874091919795,22.271320212014,0.342267028764027,0.274770900527163,34.8242326667152,6.1984834199511,16.0728367920629,0.180019776461341,0.162247252302686,7.67544486503411,20.8349767767623,13.7769875501832,27.8409812691252,26.4361089245156,223.782895074434,458.777329166634
R601,37,392.503871146107,2233.67987041951,38.5094533905263,2546892.92210323,42.3981378922306,22.0968374511205,0.335050087768917,0.267188930832761,34.9027856380472,6.23171511602537,15.8651223350951,0.175790700199752,0.159259387569165,7.55906410750766,21.1411317976476,13.6979419870753,27.7286994071488,26.0787015385666,219.59347739455,446.491888014228
R601,38,391.575210155005,2183.08825712911,38.2930831224543,2498838.37068919,42.3577691530064,22.0446110218216,0.331939946759528,0.264485071225176,35.0011948071873,6.16957834396311,15.8750326778585,0.175486813228841,0.156453133530687,7.52804182559552,20.9894875719686,13.8402397554423,27.4397653845072,26.0689156177188,218.665102516733,441.959142254403
R601,39,390.677796064299,2134.6787837604,38.0805280670721,2452620.66597428,42.3171206100968,21.9941652336796,0.328939166307007,0.26146842423117,35.0983065656855,6.10865622904026,15.8855090046393,0.175207396027977,0.153731770279031,7.49808236802935,20.8514342695929,13.9676039724745,27.1570898227259,26.048859098969,217.780583637132,437.452786598857
R601,40,389.809810262596,2088.40525972939,37.8734065166252,2407996.74887072,42.2750487101936,21.9481282139802,0.325703264863347,0.254354272540432,35.1967655384224,6.05125860644328,15.896869607537,0.17495469347323,0.150748571390117,7.46872696767092,20.8556793159403,13.9506424265823,26.8743234425684,25.9231110235621,216.936763927637,430.961976682954
